{"version":"2.6.0","unity":{"scripts":{"excludes":["**/Editor/","**/Luna/RuntimeScripts/","**/Editor/","**/Luna/RuntimeScripts/"],"useMSBuild":true,"msbuildMac64":"/Library/Frameworks/Mono.framework/Versions/Current/bin/msbuild","msbuildWin64":"C:/Program Files (x86)/Microsoft Visual Studio/2019/Community/MSBuild/Current/Bin/MSBuild.exe","msbuildLinux64":"/usr/bin/msbuild","externalJSLibraries":[],"externalSources":[],"scriptingDefines":[]},"assets":{"export":["resources"],"excludes":["**/Editor/","**/Editor/"],"includes":["Assets/Resources/DOTweenSettings.asset","Assets/Resources/DOTweenSettings.asset"]},"scenes":["Assets/Scenes/Game.unity"],"startupScene":0,"packages":{"default":{"applicationName":"","iosLink":"","androidLink":"","orientation":"unspecified","languages":["en","en"]},"ironsource":{"appID":"","assetID":"","applicationGenre":"","versionName":"","apiType":0,"playableMode":0,"packageType":0},"facebook":{"assetID":"","packageType":0},"tiktok":{"orientation":0},"develop":{"email":"","signature":""}},"preloader":{"active":true,"icon":"data:image/png;base64,iVBORw0KGgoAAAANSUhEUgAAAAEAAAABCAQAAAC1HAwCAAAAC0lEQVR42mNkYAAAAAYAAjCB0C8AAAAASUVORK5CYII=","background":"data:image/png;base64,iVBORw0KGgoAAAANSUhEUgAAAAEAAAABCAQAAAC1HAwCAAAAC0lEQVR42mNkYAAAAAYAAjCB0C8AAAAASUVORK5CYII=","title":""},"autoInstantiatePrefabs":true,"removeShadows":false,"minify":true,"forceUncompressed":false,"eliminateDeadCode":false,"allowSymlinks":false,"unusedClasses":[],"unusedMethods":[],"forceIncludedClasses":["LunaUnity.Utils.CompressedResources","LunaUnity.Utils.ExternalResources","LunaUnity.Utils.InlineResources","LunaUnity.Utils.Network","LunaUnity.Audio.Manager","Luna.Unity.Playable","UnityEngine.Debug","UnityEngine.Logger","UnityEngine.DebugLogHandler","UnityEngine.LogType","UnityEngine.Input","UnityEngine.Touch","UnityEngine.EventSystems.EventSystem","UnityEngine.EventSystems.ExecuteEvents","UnityEngine.EventSystems.BaseInputModule","UnityEngine.EventSystems.StandaloneInputModule","UnityEngine.EventSystems.BaseEventData","UnityEngine.EventSystems.AxisEventData","System.Exception"],"disabledScenes":[],"alphabeticalScenesOrder":false,"collectShaderVariantsAutomatically":false,"genericCheck":false,"disableAntiAliasing":false,"forceStableRandomSeed":false,"excludedModules":[],"stubberDataList":[],"stubberData":{"SDKName":"","Namespace":"","className":"","buildPlatform":"","enabled":false},"playerPrefs":true,"applicationPath":"D:/Unity Editor/2020.3.22f1/Editor/Data"},"fonts":{"ttf":["/Library/Fonts/*.ttf","/System/Library/Fonts/**/*.ttf","C:/Windows/Fonts/*.ttf","../Assets/**/*.ttf","/usr/share/fonts/truetype/**/*.ttf"],"fontbmMac64":"tools/fontbm/mac64/fontbm","fontbmWin64":"tools/fontbm/win64/fontbm.exe","fontbmLinux64":"/usr/bin/fontbm"},"textures":{"convertMac64":"tools/imagemagick/mac64/utilities/convert","convertWin64":"tools/imagemagick/win64/convert.exe","convertLinux64":"/usr/bin/convert","pngcrushMac64":"tools/pngcrush/mac64/pngcrush","pngcrushWin64":"tools/pngcrush/win64/pngcrush.exe","pngcrushLinux64":"/usr/bin/pngcrush","pngquantMac64":"tools/pngquant/mac64/pngquant","pngquantWin64":"tools/pngquant/win64/pngquant.exe","pngquantLinux64":"/usr/bin/pngquant","cwebpMac64":"tools/libwebp/mac64/cwebp","cwebpWin64":"tools/libwebp/win64/cwebp.exe","cwebpLinux64":"/usr/bin/cwebp"},"sounds":{"ffmpegMac64":"tools/ffmpeg/mac64/ffmpeg","ffmpegWin64":"tools/ffmpeg/win64/ffmpeg.exe","ffmpegLinux64":"/usr/bin/ffmpeg"},"assets":{"rules":{"texture":{"overrides":[{"maxWidth":512,"maxHeight":512,"format":"png32","compression":"none","quality":65,"script":"","ext":"","name":"Resources/unity_builtin_extra/Default-Particle"}],"default":{"maxWidth":2048,"maxHeight":2048,"format":"default","compression":"none","quality":80,"script":"","ext":""}},"font":{"default":{"data":{"alphabet":" §1234567890-=qwertyuiop[]asdfghjkl;'\\`zxcvbnm,./±!@#$%^&*()_+QWERTYUIOP{}ASDFGHJKL:\"|~ZXCVBNM<>?","size":64,"textureWidth":1024,"textureHeight":1024}},"overrides":[]},"shader":{"default":{"data":{"programs":[],"passes":[],"vp":[],"fp":[]}},"overrides":[]},"sound":{"default":{"channels":0,"startTime":"00:00.000","endTime":"00:00.000","lengthInSeconds":0,"bitrate":0,"script":"","ext":""},"overrides":[]},"meshes":{"default":{"halfPrecision":false},"overrides":[]},"animations":{"default":{"halfPrecision":false},"overrides":[]}}},"projectId":"57be1bf8-ecdd-499d-b293-0015148d981b","applicationID":7896,"creativeName":"Color_Hoop_Christmas_v2","pgServer":"EU"}