{"title":"Color_Hoop_Christmas_v2","icon":null,"fields":{"GameManager":{"hoopType":{"title":"hoop type","type":"enum","defaultValue":2,"constraints":{},"section":"Hoop Config","order":13,"localization":0,"options":{"0":"Ring","1":"Donut","2":"Round","3":"ThinRound","4":"Square","5":"ThinSquare","6":"Wheel","7":"Screw","8":"DogBowl"}}},"UIManager":{"downloadText":{"title":"Download Button Text","type":"string","defaultValue":["Download"],"constraints":{},"section":"Game UI","order":2,"localization":0,"options":{}},"levelText":{"title":"Level Text","type":"string","defaultValue":["Level 1069"],"constraints":{},"section":"Game UI","order":3,"localization":0,"options":{}},"hintText":{"title":"text hint","type":"string","defaultValue":["SAME COLOR hoop can be placed on top each other"],"constraints":{},"section":"Game UI","order":8,"localization":0,"options":{}}}},"assets":{"2dcff578e57af404b9bbdebdd6859303":{"id":"16180","title":"Button Image","type":"texture","section":"Game UI","order":1},"940d025748c9ba04593a4c4264339360":{"id":"16182","title":"Background","type":"texture","section":"Game UI","order":4}},"sections":[]}