{"animation-clips":[{"id":"-3868","assetBundleId":"-1","data":["Button_zoom",0,1,1,[["","UnityEngine.RectTransform","m_LocalScale.x",[0,84],[]],["","UnityEngine.RectTransform","m_LocalScale.y",[84,84],[]],["","UnityEngine.RectTransform","m_LocalScale.z",[168,84],[]]],[],false]},{"id":"16340","assetBundleId":"-1","data":["Popup",0,0,0.5,[["","UnityEngine.RectTransform","m_LocalScale.x",[252,56],[]],["","UnityEngine.RectTransform","m_LocalScale.y",[308,56],[]],["","UnityEngine.RectTransform","m_LocalScale.z",[364,56],[]]],[],false]},{"id":"16286","assetBundleId":"-1","data":["Text_tut",0,1,1.33333337306976,[["","UnityEngine.RectTransform","m_LocalScale.x",[420,84],[]],["","UnityEngine.RectTransform","m_LocalScale.y",[504,84],[]],["","UnityEngine.RectTransform","m_LocalScale.z",[588,84],[]]],[],false]},{"id":"16342","assetBundleId":"-1","data":["Hand_anim",0,1,1,[["Normal Hand","UnityEngine.GameObject","m_IsActive",[672,112],[]],["Clicked Hand","UnityEngine.GameObject","m_IsActive",[784,112],[]]],[],false]}],"animator-controllers":[{"id":"-4122","assetBundleId":"-1","data":["DirectToStoreBtn",[[0,"",0,0,"",0,"-3868",331022073,-1403143588,1,"",0,"","Button_zoom",1,[],[]]],[[0,0,"Base Layer",[0,331022073,[],[]]]],[],["-3868"]]},{"id":"-4204","assetBundleId":"-1","data":["Retry",[[0,"",0,0,"",0,"-3868",331022073,-1403143588,1,"",0,"","Button_zoom",1,[],[]]],[[0,0,"Base Layer",[0,331022073,[],[]]]],[],["-3868"]]},{"id":"16046","assetBundleId":"-1","data":["Container",[[0,"",0,0,"",0,"16340",-876065956,1317274846,1,"",0,"","Popup",1,[],[]]],[[0,0,"Base Layer",[0,-876065956,[],[]]]],[],["16340"]]},{"id":"16080","assetBundleId":"-1","data":["RewardUI",[[0,"",0,0,"",0,"16340",-876065956,1317274846,1,"",0,"","Popup",1,[],[]]],[[0,0,"Base Layer",[0,-876065956,[],[]]]],[],["16340"]]},{"id":"16014","assetBundleId":"-1","data":["Guide_text",[[0,"",0,0,"",0,"16286",1129672538,-1452278208,1,"",0,"","Text_tut",1,[],[]]],[[0,0,"Base Layer",[0,1129672538,[],[]]]],[],["16286"]]},{"id":"16018","assetBundleId":"-1","data":["Tutorial_hand",[[0,"",0,0,"",0,"16342",725781565,-691384362,1,"",0,"","Hand_anim",1,[],[]]],[[0,0,"Base Layer",[0,725781565,[],[]]]],[],["16342"]]}],"fonts":[{"id":"20774","assetBundleId":"-1","data":["arlrdbd",0,18,0,[],17,"1020774",16],"font":{"info":{"face":"arlrdbd","width":1024,"height":1024,"bitmapFont":false,"fontSize":64,"lineHeight":75,"ascent":61},"chars":{"32":{"id":32,"x":0,"y":0,"width":0,"height":0,"letter":" ","xadvance":16,"xoffset":0,"yoffset":0,"scale":1,"range":0,"uvTopLeft":[0,1],"uvTopRight":[0,1],"uvBottomLeft":[0,1],"uvBottomRight":[0,1]},"33":{"id":33,"x":171,"y":57,"width":11,"height":47,"letter":"!","xadvance":21,"xoffset":5,"yoffset":14,"scale":1,"range":0,"uvTopLeft":[0.1669921875,0.9443359375],"uvTopRight":[0.177734375,0.9443359375],"uvBottomLeft":[0.1669921875,0.8984375],"uvBottomRight":[0.177734375,0.8984375]},"34":{"id":34,"x":42,"y":1003,"width":25,"height":16,"letter":"\"","xadvance":31,"xoffset":3,"yoffset":15,"scale":1,"range":0,"uvTopLeft":[0.041015625,0.0205078125],"uvTopRight":[0.0654296875,0.0205078125],"uvBottomLeft":[0.041015625,0.0048828125],"uvBottomRight":[0.0654296875,0.0048828125]},"35":{"id":35,"x":64,"y":316,"width":35,"height":48,"letter":"#","xadvance":35,"xoffset":0,"yoffset":14,"scale":1,"range":0,"uvTopLeft":[0.0625,0.69140625],"uvTopRight":[0.0966796875,0.69140625],"uvBottomLeft":[0.0625,0.64453125],"uvBottomRight":[0.0966796875,0.64453125]},"36":{"id":36,"x":4,"y":120,"width":34,"height":64,"letter":"$","xadvance":38,"xoffset":2,"yoffset":9,"scale":1,"range":0,"uvTopLeft":[0.00390625,0.8828125],"uvTopRight":[0.037109375,0.8828125],"uvBottomLeft":[0.00390625,0.8203125],"uvBottomRight":[0.037109375,0.8203125]},"37":{"id":37,"x":132,"y":4,"width":53,"height":49,"letter":"%","xadvance":55,"xoffset":1,"yoffset":14,"scale":1,"range":0,"uvTopLeft":[0.12890625,0.99609375],"uvTopRight":[0.1806640625,0.99609375],"uvBottomLeft":[0.12890625,0.9482421875],"uvBottomRight":[0.1806640625,0.9482421875]},"38":{"id":38,"x":238,"y":4,"width":44,"height":48,"letter":"&","xadvance":49,"xoffset":3,"yoffset":14,"scale":1,"range":0,"uvTopLeft":[0.232421875,0.99609375],"uvTopRight":[0.275390625,0.99609375],"uvBottomLeft":[0.232421875,0.94921875],"uvBottomRight":[0.275390625,0.94921875]},"39":{"id":39,"x":71,"y":1003,"width":11,"height":16,"letter":"'","xadvance":15,"xoffset":2,"yoffset":15,"scale":1,"range":0,"uvTopLeft":[0.0693359375,0.0205078125],"uvTopRight":[0.080078125,0.0205078125],"uvBottomLeft":[0.0693359375,0.0048828125],"uvBottomRight":[0.080078125,0.0048828125]},"40":{"id":40,"x":42,"y":321,"width":16,"height":60,"letter":"(","xadvance":23,"xoffset":4,"yoffset":14,"scale":1,"range":0,"uvTopLeft":[0.041015625,0.6865234375],"uvTopRight":[0.056640625,0.6865234375],"uvBottomLeft":[0.041015625,0.6279296875],"uvBottomRight":[0.056640625,0.6279296875]},"41":{"id":41,"x":42,"y":385,"width":16,"height":60,"letter":")","xadvance":23,"xoffset":3,"yoffset":14,"scale":1,"range":0,"uvTopLeft":[0.041015625,0.6240234375],"uvTopRight":[0.056640625,0.6240234375],"uvBottomLeft":[0.041015625,0.5654296875],"uvBottomRight":[0.056640625,0.5654296875]},"42":{"id":42,"x":62,"y":419,"width":26,"height":25,"letter":"*","xadvance":28,"xoffset":1,"yoffset":12,"scale":1,"range":0,"uvTopLeft":[0.060546875,0.5908203125],"uvTopRight":[0.0859375,0.5908203125],"uvBottomLeft":[0.060546875,0.56640625],"uvBottomRight":[0.0859375,0.56640625]},"43":{"id":43,"x":143,"y":484,"width":33,"height":32,"letter":"+","xadvance":37,"xoffset":2,"yoffset":22,"scale":1,"range":0,"uvTopLeft":[0.1396484375,0.52734375],"uvTopRight":[0.171875,0.52734375],"uvBottomLeft":[0.1396484375,0.49609375],"uvBottomRight":[0.171875,0.49609375]},"44":{"id":44,"x":67,"y":600,"width":11,"height":19,"letter":",","xadvance":20,"xoffset":5,"yoffset":52,"scale":1,"range":0,"uvTopLeft":[0.0654296875,0.4140625],"uvTopRight":[0.076171875,0.4140625],"uvBottomLeft":[0.0654296875,0.3955078125],"uvBottomRight":[0.076171875,0.3955078125]},"45":{"id":45,"x":68,"y":527,"width":20,"height":7,"letter":"-","xadvance":21,"xoffset":1,"yoffset":41,"scale":1,"range":0,"uvTopLeft":[0.06640625,0.4853515625],"uvTopRight":[0.0859375,0.4853515625],"uvBottomLeft":[0.06640625,0.478515625],"uvBottomRight":[0.0859375,0.478515625]},"46":{"id":46,"x":86,"y":538,"width":10,"height":9,"letter":".","xadvance":20,"xoffset":5,"yoffset":53,"scale":1,"range":0,"uvTopLeft":[0.083984375,0.474609375],"uvTopRight":[0.09375,0.474609375],"uvBottomLeft":[0.083984375,0.4658203125],"uvBottomRight":[0.09375,0.4658203125]},"47":{"id":47,"x":190,"y":288,"width":18,"height":48,"letter":"/","xadvance":18,"xoffset":0,"yoffset":14,"scale":1,"range":0,"uvTopLeft":[0.185546875,0.71875],"uvTopRight":[0.203125,0.71875],"uvBottomLeft":[0.185546875,0.671875],"uvBottomRight":[0.203125,0.671875]},"48":{"id":48,"x":39,"y":901,"width":32,"height":46,"letter":"0","xadvance":38,"xoffset":3,"yoffset":15,"scale":1,"range":0,"uvTopLeft":[0.0380859375,0.1201171875],"uvTopRight":[0.0693359375,0.1201171875],"uvBottomLeft":[0.0380859375,0.0751953125],"uvBottomRight":[0.0693359375,0.0751953125]},"49":{"id":49,"x":133,"y":524,"width":23,"height":47,"letter":"1","xadvance":38,"xoffset":4,"yoffset":15,"scale":1,"range":0,"uvTopLeft":[0.1298828125,0.48828125],"uvTopRight":[0.15234375,0.48828125],"uvBottomLeft":[0.1298828125,0.4423828125],"uvBottomRight":[0.15234375,0.4423828125]},"50":{"id":50,"x":4,"y":701,"width":33,"height":46,"letter":"2","xadvance":38,"xoffset":3,"yoffset":15,"scale":1,"range":0,"uvTopLeft":[0.00390625,0.3154296875],"uvTopRight":[0.0361328125,0.3154296875],"uvBottomLeft":[0.00390625,0.2705078125],"uvBottomRight":[0.0361328125,0.2705078125]},"51":{"id":51,"x":4,"y":497,"width":33,"height":47,"letter":"3","xadvance":38,"xoffset":3,"yoffset":15,"scale":1,"range":0,"uvTopLeft":[0.00390625,0.5146484375],"uvTopRight":[0.0361328125,0.5146484375],"uvBottomLeft":[0.00390625,0.46875],"uvBottomRight":[0.0361328125,0.46875]},"52":{"id":52,"x":105,"y":303,"width":37,"height":47,"letter":"4","xadvance":38,"xoffset":0,"yoffset":15,"scale":1,"range":0,"uvTopLeft":[0.1025390625,0.7041015625],"uvTopRight":[0.138671875,0.7041015625],"uvBottomLeft":[0.1025390625,0.658203125],"uvBottomRight":[0.138671875,0.658203125]},"53":{"id":53,"x":4,"y":751,"width":33,"height":46,"letter":"5","xadvance":38,"xoffset":3,"yoffset":16,"scale":1,"range":0,"uvTopLeft":[0.00390625,0.2666015625],"uvTopRight":[0.0361328125,0.2666015625],"uvBottomLeft":[0.00390625,0.2216796875],"uvBottomRight":[0.0361328125,0.2216796875]},"54":{"id":54,"x":62,"y":368,"width":34,"height":47,"letter":"6","xadvance":38,"xoffset":2,"yoffset":15,"scale":1,"range":0,"uvTopLeft":[0.060546875,0.640625],"uvTopRight":[0.09375,0.640625],"uvBottomLeft":[0.060546875,0.5947265625],"uvBottomRight":[0.09375,0.5947265625]},"55":{"id":55,"x":4,"y":801,"width":33,"height":46,"letter":"7","xadvance":38,"xoffset":4,"yoffset":16,"scale":1,"range":0,"uvTopLeft":[0.00390625,0.2177734375],"uvTopRight":[0.0361328125,0.2177734375],"uvBottomLeft":[0.00390625,0.1728515625],"uvBottomRight":[0.0361328125,0.1728515625]},"56":{"id":56,"x":4,"y":447,"width":34,"height":46,"letter":"8","xadvance":38,"xoffset":2,"yoffset":15,"scale":1,"range":0,"uvTopLeft":[0.00390625,0.5634765625],"uvTopRight":[0.037109375,0.5634765625],"uvBottomLeft":[0.00390625,0.5185546875],"uvBottomRight":[0.037109375,0.5185546875]},"57":{"id":57,"x":4,"y":851,"width":33,"height":46,"letter":"9","xadvance":38,"xoffset":2,"yoffset":15,"scale":1,"range":0,"uvTopLeft":[0.00390625,0.1689453125],"uvTopRight":[0.0361328125,0.1689453125],"uvBottomLeft":[0.00390625,0.1240234375],"uvBottomRight":[0.0361328125,0.1240234375]},"58":{"id":58,"x":149,"y":253,"width":10,"height":35,"letter":":","xadvance":20,"xoffset":5,"yoffset":27,"scale":1,"range":0,"uvTopLeft":[0.1455078125,0.7529296875],"uvTopRight":[0.1552734375,0.7529296875],"uvBottomLeft":[0.1455078125,0.71875],"uvBottomRight":[0.1552734375,0.71875]},"59":{"id":59,"x":167,"y":160,"width":11,"height":44,"letter":";","xadvance":20,"xoffset":4,"yoffset":27,"scale":1,"range":0,"uvTopLeft":[0.1630859375,0.84375],"uvTopRight":[0.173828125,0.84375],"uvBottomLeft":[0.1630859375,0.80078125],"uvBottomRight":[0.173828125,0.80078125]},"60":{"id":60,"x":81,"y":448,"width":33,"height":35,"letter":"<","xadvance":37,"xoffset":2,"yoffset":21,"scale":1,"range":0,"uvTopLeft":[0.0791015625,0.5625],"uvTopRight":[0.111328125,0.5625],"uvBottomLeft":[0.0791015625,0.5283203125],"uvBottomRight":[0.111328125,0.5283203125]},"61":{"id":61,"x":86,"y":998,"width":33,"height":21,"letter":"=","xadvance":37,"xoffset":2,"yoffset":28,"scale":1,"range":0,"uvTopLeft":[0.083984375,0.025390625],"uvTopRight":[0.1162109375,0.025390625],"uvBottomLeft":[0.083984375,0.0048828125],"uvBottomRight":[0.1162109375,0.0048828125]},"62":{"id":62,"x":100,"y":406,"width":33,"height":35,"letter":">","xadvance":37,"xoffset":2,"yoffset":21,"scale":1,"range":0,"uvTopLeft":[0.09765625,0.603515625],"uvTopRight":[0.1298828125,0.603515625],"uvBottomLeft":[0.09765625,0.5693359375],"uvBottomRight":[0.1298828125,0.5693359375]},"63":{"id":63,"x":4,"y":548,"width":33,"height":47,"letter":"?","xadvance":37,"xoffset":2,"yoffset":14,"scale":1,"range":0,"uvTopLeft":[0.00390625,0.46484375],"uvTopRight":[0.0361328125,0.46484375],"uvBottomLeft":[0.00390625,0.4189453125],"uvBottomRight":[0.0361328125,0.4189453125]},"64":{"id":64,"x":4,"y":4,"width":62,"height":60,"letter":"@","xadvance":63,"xoffset":1,"yoffset":14,"scale":1,"range":0,"uvTopLeft":[0.00390625,0.99609375],"uvTopRight":[0.064453125,0.99609375],"uvBottomLeft":[0.00390625,0.9375],"uvBottomRight":[0.064453125,0.9375]},"65":{"id":65,"x":189,"y":55,"width":44,"height":48,"letter":"A","xadvance":46,"xoffset":1,"yoffset":14,"scale":1,"range":0,"uvTopLeft":[0.1845703125,0.9462890625],"uvTopRight":[0.2275390625,0.9462890625],"uvBottomLeft":[0.1845703125,0.8994140625],"uvBottomRight":[0.2275390625,0.8994140625]},"66":{"id":66,"x":106,"y":253,"width":39,"height":46,"letter":"B","xadvance":46,"xoffset":4,"yoffset":15,"scale":1,"range":0,"uvTopLeft":[0.103515625,0.7529296875],"uvTopRight":[0.1416015625,0.7529296875],"uvBottomLeft":[0.103515625,0.7080078125],"uvBottomRight":[0.1416015625,0.7080078125]},"67":{"id":67,"x":237,"y":56,"width":42,"height":48,"letter":"C","xadvance":47,"xoffset":3,"yoffset":14,"scale":1,"range":0,"uvTopLeft":[0.2314453125,0.9453125],"uvTopRight":[0.2724609375,0.9453125],"uvBottomLeft":[0.2314453125,0.8984375],"uvBottomRight":[0.2724609375,0.8984375]},"68":{"id":68,"x":65,"y":162,"width":40,"height":46,"letter":"D","xadvance":47,"xoffset":5,"yoffset":15,"scale":1,"range":0,"uvTopLeft":[0.0634765625,0.841796875],"uvTopRight":[0.1025390625,0.841796875],"uvBottomLeft":[0.0634765625,0.796875],"uvBottomRight":[0.1025390625,0.796875]},"69":{"id":69,"x":228,"y":160,"width":36,"height":46,"letter":"E","xadvance":43,"xoffset":5,"yoffset":15,"scale":1,"range":0,"uvTopLeft":[0.22265625,0.84375],"uvTopRight":[0.2578125,0.84375],"uvBottomLeft":[0.22265625,0.798828125],"uvBottomRight":[0.2578125,0.798828125]},"70":{"id":70,"x":4,"y":599,"width":33,"height":47,"letter":"F","xadvance":39,"xoffset":4,"yoffset":15,"scale":1,"range":0,"uvTopLeft":[0.00390625,0.4150390625],"uvTopRight":[0.0361328125,0.4150390625],"uvBottomLeft":[0.00390625,0.369140625],"uvBottomRight":[0.0361328125,0.369140625]},"71":{"id":71,"x":123,"y":57,"width":44,"height":48,"letter":"G","xadvance":51,"xoffset":3,"yoffset":14,"scale":1,"range":0,"uvTopLeft":[0.1201171875,0.9443359375],"uvTopRight":[0.1630859375,0.9443359375],"uvBottomLeft":[0.1201171875,0.8974609375],"uvBottomRight":[0.1630859375,0.8974609375]},"72":{"id":72,"x":232,"y":108,"width":39,"height":48,"letter":"H","xadvance":49,"xoffset":5,"yoffset":14,"scale":1,"range":0,"uvTopLeft":[0.2265625,0.89453125],"uvTopRight":[0.2646484375,0.89453125],"uvBottomLeft":[0.2265625,0.84765625],"uvBottomRight":[0.2646484375,0.84765625]},"73":{"id":73,"x":171,"y":108,"width":10,"height":48,"letter":"I","xadvance":20,"xoffset":5,"yoffset":14,"scale":1,"range":0,"uvTopLeft":[0.1669921875,0.89453125],"uvTopRight":[0.1767578125,0.89453125],"uvBottomLeft":[0.1669921875,0.84765625],"uvBottomRight":[0.1767578125,0.84765625]},"74":{"id":74,"x":4,"y":901,"width":31,"height":48,"letter":"J","xadvance":37,"xoffset":1,"yoffset":14,"scale":1,"range":0,"uvTopLeft":[0.00390625,0.1201171875],"uvTopRight":[0.0341796875,0.1201171875],"uvBottomLeft":[0.00390625,0.0732421875],"uvBottomRight":[0.0341796875,0.0732421875]},"75":{"id":75,"x":123,"y":109,"width":40,"height":48,"letter":"K","xadvance":47,"xoffset":5,"yoffset":14,"scale":1,"range":0,"uvTopLeft":[0.1201171875,0.8935546875],"uvTopRight":[0.1591796875,0.8935546875],"uvBottomLeft":[0.1201171875,0.8466796875],"uvBottomRight":[0.1591796875,0.8466796875]},"76":{"id":76,"x":4,"y":396,"width":34,"height":47,"letter":"L","xadvance":39,"xoffset":4,"yoffset":14,"scale":1,"range":0,"uvTopLeft":[0.00390625,0.61328125],"uvTopRight":[0.037109375,0.61328125],"uvBottomLeft":[0.00390625,0.5673828125],"uvBottomRight":[0.037109375,0.5673828125]},"77":{"id":77,"x":189,"y":4,"width":45,"height":47,"letter":"M","xadvance":53,"xoffset":4,"yoffset":15,"scale":1,"range":0,"uvTopLeft":[0.1845703125,0.99609375],"uvTopRight":[0.228515625,0.99609375],"uvBottomLeft":[0.1845703125,0.9501953125],"uvBottomRight":[0.228515625,0.9501953125]},"78":{"id":78,"x":185,"y":159,"width":39,"height":48,"letter":"N","xadvance":49,"xoffset":5,"yoffset":14,"scale":1,"range":0,"uvTopLeft":[0.1806640625,0.8447265625],"uvTopRight":[0.21875,0.8447265625],"uvBottomLeft":[0.1806640625,0.7978515625],"uvBottomRight":[0.21875,0.7978515625]},"79":{"id":79,"x":4,"y":68,"width":46,"height":48,"letter":"O","xadvance":51,"xoffset":2,"yoffset":14,"scale":1,"range":0,"uvTopLeft":[0.00390625,0.93359375],"uvTopRight":[0.048828125,0.93359375],"uvBottomLeft":[0.00390625,0.88671875],"uvBottomRight":[0.048828125,0.88671875]},"80":{"id":80,"x":146,"y":344,"width":35,"height":47,"letter":"P","xadvance":43,"xoffset":5,"yoffset":15,"scale":1,"range":0,"uvTopLeft":[0.142578125,0.6640625],"uvTopRight":[0.1767578125,0.6640625],"uvBottomLeft":[0.142578125,0.6181640625],"uvBottomRight":[0.1767578125,0.6181640625]},"81":{"id":81,"x":70,"y":56,"width":49,"height":52,"letter":"Q","xadvance":51,"xoffset":2,"yoffset":14,"scale":1,"range":0,"uvTopLeft":[0.068359375,0.9453125],"uvTopRight":[0.1162109375,0.9453125],"uvBottomLeft":[0.068359375,0.89453125],"uvBottomRight":[0.1162109375,0.89453125]},"82":{"id":82,"x":283,"y":68,"width":40,"height":47,"letter":"R","xadvance":46,"xoffset":4,"yoffset":15,"scale":1,"range":0,"uvTopLeft":[0.2763671875,0.93359375],"uvTopRight":[0.3154296875,0.93359375],"uvBottomLeft":[0.2763671875,0.8876953125],"uvBottomRight":[0.3154296875,0.8876953125]},"83":{"id":83,"x":64,"y":264,"width":37,"height":48,"letter":"S","xadvance":43,"xoffset":3,"yoffset":14,"scale":1,"range":0,"uvTopLeft":[0.0625,0.7421875],"uvTopRight":[0.0986328125,0.7421875],"uvBottomLeft":[0.0625,0.6953125],"uvBottomRight":[0.0986328125,0.6953125]},"84":{"id":84,"x":324,"y":4,"width":40,"height":47,"letter":"T","xadvance":40,"xoffset":0,"yoffset":15,"scale":1,"range":0,"uvTopLeft":[0.31640625,0.99609375],"uvTopRight":[0.35546875,0.99609375],"uvBottomLeft":[0.31640625,0.9501953125],"uvBottomRight":[0.35546875,0.9501953125]},"85":{"id":85,"x":111,"y":161,"width":39,"height":48,"letter":"U","xadvance":49,"xoffset":5,"yoffset":14,"scale":1,"range":0,"uvTopLeft":[0.1083984375,0.8427734375],"uvTopRight":[0.146484375,0.8427734375],"uvBottomLeft":[0.1083984375,0.7958984375],"uvBottomRight":[0.146484375,0.7958984375]},"86":{"id":86,"x":186,"y":107,"width":42,"height":48,"letter":"V","xadvance":44,"xoffset":1,"yoffset":14,"scale":1,"range":0,"uvTopLeft":[0.181640625,0.8955078125],"uvTopRight":[0.22265625,0.8955078125],"uvBottomLeft":[0.181640625,0.8486328125],"uvBottomRight":[0.22265625,0.8486328125]},"87":{"id":87,"x":70,"y":4,"width":58,"height":48,"letter":"W","xadvance":60,"xoffset":1,"yoffset":14,"scale":1,"range":0,"uvTopLeft":[0.068359375,0.99609375],"uvTopRight":[0.125,0.99609375],"uvBottomLeft":[0.068359375,0.94921875],"uvBottomRight":[0.125,0.94921875]},"88":{"id":88,"x":149,"y":292,"width":37,"height":48,"letter":"X","xadvance":39,"xoffset":1,"yoffset":14,"scale":1,"range":0,"uvTopLeft":[0.1455078125,0.71484375],"uvTopRight":[0.181640625,0.71484375],"uvBottomLeft":[0.1455078125,0.66796875],"uvBottomRight":[0.181640625,0.66796875]},"89":{"id":89,"x":64,"y":212,"width":38,"height":48,"letter":"Y","xadvance":40,"xoffset":1,"yoffset":14,"scale":1,"range":0,"uvTopLeft":[0.0625,0.79296875],"uvTopRight":[0.099609375,0.79296875],"uvBottomLeft":[0.0625,0.74609375],"uvBottomRight":[0.099609375,0.74609375]},"90":{"id":90,"x":66,"y":112,"width":41,"height":46,"letter":"Z","xadvance":41,"xoffset":0,"yoffset":15,"scale":1,"range":0,"uvTopLeft":[0.064453125,0.890625],"uvTopRight":[0.1044921875,0.890625],"uvBottomLeft":[0.064453125,0.845703125],"uvBottomRight":[0.1044921875,0.845703125]},"91":{"id":91,"x":42,"y":195,"width":18,"height":59,"letter":"[","xadvance":23,"xoffset":4,"yoffset":14,"scale":1,"range":0,"uvTopLeft":[0.041015625,0.8095703125],"uvTopRight":[0.05859375,0.8095703125],"uvBottomLeft":[0.041015625,0.751953125],"uvBottomRight":[0.05859375,0.751953125]},"92":{"id":92,"x":190,"y":340,"width":18,"height":48,"letter":"\\","xadvance":18,"xoffset":0,"yoffset":14,"scale":1,"range":0,"uvTopLeft":[0.185546875,0.66796875],"uvTopRight":[0.203125,0.66796875],"uvBottomLeft":[0.185546875,0.62109375],"uvBottomRight":[0.203125,0.62109375]},"93":{"id":93,"x":42,"y":132,"width":19,"height":59,"letter":"]","xadvance":23,"xoffset":0,"yoffset":14,"scale":1,"range":0,"uvTopLeft":[0.041015625,0.87109375],"uvTopRight":[0.0595703125,0.87109375],"uvBottomLeft":[0.041015625,0.8134765625],"uvBottomRight":[0.0595703125,0.8134765625]},"94":{"id":94,"x":163,"y":259,"width":31,"height":25,"letter":"^","xadvance":37,"xoffset":3,"yoffset":14,"scale":1,"range":0,"uvTopLeft":[0.1591796875,0.7470703125],"uvTopRight":[0.189453125,0.7470703125],"uvBottomLeft":[0.1591796875,0.72265625],"uvBottomRight":[0.189453125,0.72265625]},"95":{"id":95,"x":324,"y":55,"width":34,"height":3,"letter":"_","xadvance":32,"xoffset":-1,"yoffset":66,"scale":1,"range":0,"uvTopLeft":[0.31640625,0.9462890625],"uvTopRight":[0.349609375,0.9462890625],"uvBottomLeft":[0.31640625,0.943359375],"uvBottomRight":[0.349609375,0.943359375]},"96":{"id":96,"x":68,"y":538,"width":14,"height":9,"letter":"`","xadvance":21,"xoffset":2,"yoffset":15,"scale":1,"range":0,"uvTopLeft":[0.06640625,0.474609375],"uvTopRight":[0.080078125,0.474609375],"uvBottomLeft":[0.06640625,0.4658203125],"uvBottomRight":[0.080078125,0.4658203125]},"97":{"id":97,"x":67,"y":561,"width":34,"height":35,"letter":"a","xadvance":38,"xoffset":2,"yoffset":27,"scale":1,"range":0,"uvTopLeft":[0.0654296875,0.4521484375],"uvTopRight":[0.0986328125,0.4521484375],"uvBottomLeft":[0.0654296875,0.41796875],"uvBottomRight":[0.0986328125,0.41796875]},"98":{"id":98,"x":4,"y":188,"width":34,"height":48,"letter":"b","xadvance":40,"xoffset":4,"yoffset":14,"scale":1,"range":0,"uvTopLeft":[0.00390625,0.81640625],"uvTopRight":[0.037109375,0.81640625],"uvBottomLeft":[0.00390625,0.76953125],"uvBottomRight":[0.037109375,0.76953125]},"99":{"id":99,"x":41,"y":677,"width":33,"height":34,"letter":"c","xadvance":38,"xoffset":2,"yoffset":27,"scale":1,"range":0,"uvTopLeft":[0.0400390625,0.3388671875],"uvTopRight":[0.072265625,0.3388671875],"uvBottomLeft":[0.0400390625,0.3056640625],"uvBottomRight":[0.072265625,0.3056640625]},"100":{"id":100,"x":4,"y":240,"width":34,"height":48,"letter":"d","xadvance":40,"xoffset":2,"yoffset":14,"scale":1,"range":0,"uvTopLeft":[0.00390625,0.765625],"uvTopRight":[0.037109375,0.765625],"uvBottomLeft":[0.00390625,0.71875],"uvBottomRight":[0.037109375,0.71875]},"101":{"id":101,"x":68,"y":488,"width":34,"height":35,"letter":"e","xadvance":38,"xoffset":2,"yoffset":27,"scale":1,"range":0,"uvTopLeft":[0.06640625,0.5234375],"uvTopRight":[0.099609375,0.5234375],"uvBottomLeft":[0.06640625,0.4892578125],"uvBottomRight":[0.099609375,0.4892578125]},"102":{"id":102,"x":41,"y":625,"width":26,"height":48,"letter":"f","xadvance":21,"xoffset":-1,"yoffset":14,"scale":1,"range":0,"uvTopLeft":[0.0400390625,0.3896484375],"uvTopRight":[0.0654296875,0.3896484375],"uvBottomLeft":[0.0400390625,0.3427734375],"uvBottomRight":[0.0654296875,0.3427734375]},"103":{"id":103,"x":4,"y":292,"width":34,"height":48,"letter":"g","xadvance":40,"xoffset":2,"yoffset":26,"scale":1,"range":0,"uvTopLeft":[0.00390625,0.71484375],"uvTopRight":[0.037109375,0.71484375],"uvBottomLeft":[0.00390625,0.66796875],"uvBottomRight":[0.037109375,0.66796875]},"104":{"id":104,"x":4,"y":953,"width":31,"height":48,"letter":"h","xadvance":39,"xoffset":4,"yoffset":14,"scale":1,"range":0,"uvTopLeft":[0.00390625,0.0693359375],"uvTopRight":[0.0341796875,0.0693359375],"uvBottomLeft":[0.00390625,0.0224609375],"uvBottomRight":[0.0341796875,0.0224609375]},"105":{"id":105,"x":167,"y":208,"width":9,"height":47,"letter":"i","xadvance":17,"xoffset":4,"yoffset":15,"scale":1,"range":0,"uvTopLeft":[0.1630859375,0.796875],"uvTopRight":[0.171875,0.796875],"uvBottomLeft":[0.1630859375,0.7509765625],"uvBottomRight":[0.171875,0.7509765625]},"106":{"id":106,"x":42,"y":258,"width":18,"height":59,"letter":"j","xadvance":17,"xoffset":-5,"yoffset":15,"scale":1,"range":0,"uvTopLeft":[0.041015625,0.748046875],"uvTopRight":[0.05859375,0.748046875],"uvBottomLeft":[0.041015625,0.6904296875],"uvBottomRight":[0.05859375,0.6904296875]},"107":{"id":107,"x":39,"y":951,"width":30,"height":48,"letter":"k","xadvance":37,"xoffset":5,"yoffset":14,"scale":1,"range":0,"uvTopLeft":[0.0380859375,0.0712890625],"uvTopRight":[0.0673828125,0.0712890625],"uvBottomLeft":[0.0380859375,0.0244140625],"uvBottomRight":[0.0673828125,0.0244140625]},"108":{"id":108,"x":154,"y":161,"width":9,"height":48,"letter":"l","xadvance":17,"xoffset":4,"yoffset":14,"scale":1,"range":0,"uvTopLeft":[0.150390625,0.8427734375],"uvTopRight":[0.1591796875,0.8427734375],"uvBottomLeft":[0.150390625,0.7958984375],"uvBottomRight":[0.1591796875,0.7958984375]},"109":{"id":109,"x":106,"y":213,"width":50,"height":36,"letter":"m","xadvance":57,"xoffset":3,"yoffset":26,"scale":1,"range":0,"uvTopLeft":[0.103515625,0.7919921875],"uvTopRight":[0.15234375,0.7919921875],"uvBottomLeft":[0.103515625,0.7568359375],"uvBottomRight":[0.15234375,0.7568359375]},"110":{"id":110,"x":118,"y":445,"width":31,"height":35,"letter":"n","xadvance":39,"xoffset":4,"yoffset":27,"scale":1,"range":0,"uvTopLeft":[0.115234375,0.5654296875],"uvTopRight":[0.1455078125,0.5654296875],"uvBottomLeft":[0.115234375,0.53125],"uvBottomRight":[0.1455078125,0.53125]},"111":{"id":111,"x":42,"y":449,"width":35,"height":35,"letter":"o","xadvance":39,"xoffset":2,"yoffset":27,"scale":1,"range":0,"uvTopLeft":[0.041015625,0.5615234375],"uvTopRight":[0.0751953125,0.5615234375],"uvBottomLeft":[0.041015625,0.52734375],"uvBottomRight":[0.0751953125,0.52734375]},"112":{"id":112,"x":4,"y":344,"width":34,"height":48,"letter":"p","xadvance":40,"xoffset":4,"yoffset":26,"scale":1,"range":0,"uvTopLeft":[0.00390625,0.6640625],"uvTopRight":[0.037109375,0.6640625],"uvBottomLeft":[0.00390625,0.6171875],"uvBottomRight":[0.037109375,0.6171875]},"113":{"id":113,"x":103,"y":354,"width":34,"height":48,"letter":"q","xadvance":40,"xoffset":2,"yoffset":26,"scale":1,"range":0,"uvTopLeft":[0.1005859375,0.654296875],"uvTopRight":[0.1337890625,0.654296875],"uvBottomLeft":[0.1005859375,0.607421875],"uvBottomRight":[0.1337890625,0.607421875]},"114":{"id":114,"x":172,"y":395,"width":24,"height":35,"letter":"r","xadvance":28,"xoffset":4,"yoffset":27,"scale":1,"range":0,"uvTopLeft":[0.16796875,0.6142578125],"uvTopRight":[0.19140625,0.6142578125],"uvBottomLeft":[0.16796875,0.580078125],"uvBottomRight":[0.19140625,0.580078125]},"115":{"id":115,"x":153,"y":445,"width":30,"height":35,"letter":"s","xadvance":35,"xoffset":2,"yoffset":27,"scale":1,"range":0,"uvTopLeft":[0.1494140625,0.5654296875],"uvTopRight":[0.1787109375,0.5654296875],"uvBottomLeft":[0.1494140625,0.53125],"uvBottomRight":[0.1787109375,0.53125]},"116":{"id":116,"x":105,"y":527,"width":24,"height":46,"letter":"t","xadvance":23,"xoffset":0,"yoffset":16,"scale":1,"range":0,"uvTopLeft":[0.1025390625,0.4853515625],"uvTopRight":[0.1259765625,0.4853515625],"uvBottomLeft":[0.1025390625,0.4404296875],"uvBottomRight":[0.1259765625,0.4404296875]},"117":{"id":117,"x":137,"y":406,"width":31,"height":35,"letter":"u","xadvance":39,"xoffset":4,"yoffset":27,"scale":1,"range":0,"uvTopLeft":[0.1337890625,0.603515625],"uvTopRight":[0.1640625,0.603515625],"uvBottomLeft":[0.1337890625,0.5693359375],"uvBottomRight":[0.1640625,0.5693359375]},"118":{"id":118,"x":71,"y":623,"width":32,"height":35,"letter":"v","xadvance":35,"xoffset":1,"yoffset":27,"scale":1,"range":0,"uvTopLeft":[0.0693359375,0.3916015625],"uvTopRight":[0.1005859375,0.3916015625],"uvBottomLeft":[0.0693359375,0.357421875],"uvBottomRight":[0.1005859375,0.357421875]},"119":{"id":119,"x":180,"y":211,"width":50,"height":35,"letter":"w","xadvance":52,"xoffset":1,"yoffset":27,"scale":1,"range":0,"uvTopLeft":[0.17578125,0.7939453125],"uvTopRight":[0.224609375,0.7939453125],"uvBottomLeft":[0.17578125,0.759765625],"uvBottomRight":[0.224609375,0.759765625]},"120":{"id":120,"x":105,"y":577,"width":31,"height":35,"letter":"x","xadvance":33,"xoffset":1,"yoffset":27,"scale":1,"range":0,"uvTopLeft":[0.1025390625,0.4365234375],"uvTopRight":[0.1328125,0.4365234375],"uvBottomLeft":[0.1025390625,0.40234375],"uvBottomRight":[0.1328125,0.40234375]},"121":{"id":121,"x":4,"y":650,"width":33,"height":47,"letter":"y","xadvance":35,"xoffset":0,"yoffset":27,"scale":1,"range":0,"uvTopLeft":[0.00390625,0.365234375],"uvTopRight":[0.0361328125,0.365234375],"uvBottomLeft":[0.00390625,0.3193359375],"uvBottomRight":[0.0361328125,0.3193359375]},"122":{"id":122,"x":106,"y":487,"width":33,"height":33,"letter":"z","xadvance":33,"xoffset":0,"yoffset":28,"scale":1,"range":0,"uvTopLeft":[0.103515625,0.5244140625],"uvTopRight":[0.1357421875,0.5244140625],"uvBottomLeft":[0.103515625,0.4921875],"uvBottomRight":[0.1357421875,0.4921875]},"123":{"id":123,"x":41,"y":497,"width":23,"height":60,"letter":"{","xadvance":25,"xoffset":1,"yoffset":14,"scale":1,"range":0,"uvTopLeft":[0.0400390625,0.5146484375],"uvTopRight":[0.0625,0.5146484375],"uvBottomLeft":[0.0400390625,0.4560546875],"uvBottomRight":[0.0625,0.4560546875]},"124":{"id":124,"x":54,"y":68,"width":8,"height":60,"letter":"|","xadvance":18,"xoffset":5,"yoffset":14,"scale":1,"range":0,"uvTopLeft":[0.052734375,0.93359375],"uvTopRight":[0.060546875,0.93359375],"uvBottomLeft":[0.052734375,0.875],"uvBottomRight":[0.060546875,0.875]},"125":{"id":125,"x":41,"y":561,"width":22,"height":60,"letter":"}","xadvance":25,"xoffset":1,"yoffset":14,"scale":1,"range":0,"uvTopLeft":[0.0400390625,0.4521484375],"uvTopRight":[0.0615234375,0.4521484375],"uvBottomLeft":[0.0400390625,0.3935546875],"uvBottomRight":[0.0615234375,0.3935546875]},"126":{"id":126,"x":4,"y":1005,"width":34,"height":14,"letter":"~","xadvance":37,"xoffset":2,"yoffset":32,"scale":1,"range":0,"uvTopLeft":[0.00390625,0.0185546875],"uvTopRight":[0.037109375,0.0185546875],"uvBottomLeft":[0.00390625,0.0048828125],"uvBottomRight":[0.037109375,0.0048828125]},"167":{"id":167,"x":286,"y":4,"width":34,"height":60,"letter":"§","xadvance":38,"xoffset":2,"yoffset":14,"scale":1,"range":0,"uvTopLeft":[0.279296875,0.99609375],"uvTopRight":[0.3125,0.99609375],"uvBottomLeft":[0.279296875,0.9375],"uvBottomRight":[0.3125,0.9375]},"177":{"id":177,"x":73,"y":951,"width":33,"height":43,"letter":"±","xadvance":37,"xoffset":2,"yoffset":18,"scale":1,"range":0,"uvTopLeft":[0.0712890625,0.0712890625],"uvTopRight":[0.103515625,0.0712890625],"uvBottomLeft":[0.0712890625,0.029296875],"uvBottomRight":[0.103515625,0.029296875]}}}}],"materials":[{"id":"16062","assetBundleId":"-1","data":["Hop Black",0,"64",2000,1,[["_Cutoff",0.5],["_Glossiness",0.899999976158142],["_GlossMapScale",1],["_SmoothnessTextureChannel",0],["_Metallic",0],["_SpecularHighlights",1],["_GlossyReflections",0],["_BumpScale",1],["_Parallax",0.0199999995529652],["_OcclusionStrength",1],["_DetailNormalMapScale",1],["_UVSec",0],["_Mode",0],["_SrcBlend",1],["_DstBlend",0],["_ZWrite",1]],[["_Color",0,0,0,1],["_EmissionColor",0.103773593902588,0.103773593902588,0.103773593902588,1]],[["_MainTex_ST",3,3,3,3],["_MetallicGlossMap_ST",1,1,0,0],["_BumpMap_ST",1,1,0,0],["_ParallaxMap_ST",1,1,0,0],["_OcclusionMap_ST",1,1,0,0],["_EmissionMap_ST",3,3,3,3],["_DetailMask_ST",1,1,0,0],["_DetailAlbedoMap_ST",1,1,0,0],["_DetailNormalMap_ST",1,1,0,0]],[["_MainTex",null,null],["_MetallicGlossMap",null,null],["_BumpMap",null,null],["_ParallaxMap",null,null],["_OcclusionMap",null,null],["_EmissionMap",null,null],["_DetailMask",null,null],["_DetailAlbedoMap",null,null],["_DetailNormalMap",null,null]],[["_EMISSION",1],["_GLOSSYREFLECTIONS_OFF",1]]]},{"id":"16060","assetBundleId":"-1","data":["Hop Blue",0,"64",2000,1,[["_Cutoff",0.5],["_Glossiness",0.899999976158142],["_GlossMapScale",1],["_SmoothnessTextureChannel",0],["_Metallic",0],["_SpecularHighlights",1],["_GlossyReflections",0],["_BumpScale",1],["_Parallax",0.0199999995529652],["_OcclusionStrength",1],["_DetailNormalMapScale",1],["_UVSec",0],["_Mode",0],["_SrcBlend",1],["_DstBlend",0],["_ZWrite",1]],[["_Color",0,0.399543762207031,1,1],["_EmissionColor",0,0,0,1]],[["_MainTex_ST",3,3,3,3],["_MetallicGlossMap_ST",1,1,0,0],["_BumpMap_ST",1,1,0,0],["_ParallaxMap_ST",1,1,0,0],["_OcclusionMap_ST",1,1,0,0],["_EmissionMap_ST",3,3,3,3],["_DetailMask_ST",1,1,0,0],["_DetailAlbedoMap_ST",1,1,0,0],["_DetailNormalMap_ST",1,1,0,0]],[["_MainTex",null,null],["_MetallicGlossMap",null,null],["_BumpMap",null,null],["_ParallaxMap",null,null],["_OcclusionMap",null,null],["_EmissionMap",null,null],["_DetailMask",null,null],["_DetailAlbedoMap",null,null],["_DetailNormalMap",null,null]],[["_GLOSSYREFLECTIONS_OFF",1]]]},{"id":"16026","assetBundleId":"-1","data":["Hop Pink",0,"64",2000,1,[["_Cutoff",0.5],["_Glossiness",0.899999976158142],["_GlossMapScale",1],["_SmoothnessTextureChannel",0],["_Metallic",0],["_SpecularHighlights",1],["_GlossyReflections",0],["_BumpScale",1],["_Parallax",0.0199999995529652],["_OcclusionStrength",1],["_DetailNormalMapScale",1],["_UVSec",0],["_Mode",0],["_SrcBlend",1],["_DstBlend",0],["_ZWrite",1]],[["_Color",1,0.400943398475647,0.521648705005646,1],["_EmissionColor",0.433962285518646,0.0675507411360741,0.121335953474045,1]],[["_MainTex_ST",3,3,3,3],["_MetallicGlossMap_ST",1,1,0,0],["_BumpMap_ST",1,1,0,0],["_ParallaxMap_ST",1,1,0,0],["_OcclusionMap_ST",1,1,0,0],["_EmissionMap_ST",3,3,3,3],["_DetailMask_ST",1,1,0,0],["_DetailAlbedoMap_ST",1,1,0,0],["_DetailNormalMap_ST",1,1,0,0]],[["_MainTex",null,null],["_MetallicGlossMap",null,null],["_BumpMap",null,null],["_ParallaxMap",null,null],["_OcclusionMap",null,null],["_EmissionMap",null,null],["_DetailMask",null,null],["_DetailAlbedoMap",null,null],["_DetailNormalMap",null,null]],[["_EMISSION",1],["_GLOSSYREFLECTIONS_OFF",1]]]},{"id":"16028","assetBundleId":"-1","data":["Cake",0,"64",2000,1,[["_Cutoff",0.5],["_Glossiness",0.899999976158142],["_GlossMapScale",1],["_SmoothnessTextureChannel",0],["_Metallic",0],["_SpecularHighlights",1],["_GlossyReflections",0],["_BumpScale",1],["_Parallax",0.0199999995529652],["_OcclusionStrength",1],["_DetailNormalMapScale",1],["_UVSec",0],["_Mode",0],["_SrcBlend",1],["_DstBlend",0],["_ZWrite",1]],[["_Color",1,0.418803542852402,0.287735819816589,1],["_EmissionColor",0,0,0,1]],[["_MainTex_ST",3,3,3,3],["_MetallicGlossMap_ST",1,1,0,0],["_BumpMap_ST",1,1,0,0],["_ParallaxMap_ST",1,1,0,0],["_OcclusionMap_ST",1,1,0,0],["_EmissionMap_ST",3,3,3,3],["_DetailMask_ST",1,1,0,0],["_DetailAlbedoMap_ST",1,1,0,0],["_DetailNormalMap_ST",1,1,0,0]],[["_MainTex",null,null],["_MetallicGlossMap",null,null],["_BumpMap",null,null],["_ParallaxMap",null,null],["_OcclusionMap",null,null],["_EmissionMap",null,null],["_DetailMask",null,null],["_DetailAlbedoMap",null,null],["_DetailNormalMap",null,null]],[["_GLOSSYREFLECTIONS_OFF",1]]]},{"id":"16066","assetBundleId":"-1","data":["Hop Red",0,"64",2000,1,[["_Cutoff",0.5],["_Glossiness",0.899999976158142],["_GlossMapScale",1],["_SmoothnessTextureChannel",0],["_Metallic",0],["_SpecularHighlights",1],["_GlossyReflections",0],["_BumpScale",1],["_Parallax",0.0199999995529652],["_OcclusionStrength",1],["_DetailNormalMapScale",1],["_UVSec",0],["_Mode",0],["_SrcBlend",1],["_DstBlend",0],["_ZWrite",1]],[["_Color",1,0,0.00856637954711914,1],["_EmissionColor",0.0943396091461182,0,0.0065062171779573,1]],[["_MainTex_ST",3,3,3,3],["_MetallicGlossMap_ST",1,1,0,0],["_BumpMap_ST",1,1,0,0],["_ParallaxMap_ST",1,1,0,0],["_OcclusionMap_ST",1,1,0,0],["_EmissionMap_ST",3,3,3,3],["_DetailMask_ST",1,1,0,0],["_DetailAlbedoMap_ST",1,1,0,0],["_DetailNormalMap_ST",1,1,0,0]],[["_MainTex",null,null],["_MetallicGlossMap",null,null],["_BumpMap",null,null],["_ParallaxMap",null,null],["_OcclusionMap",null,null],["_EmissionMap",null,null],["_DetailMask",null,null],["_DetailAlbedoMap",null,null],["_DetailNormalMap",null,null]],[["_EMISSION",1],["_GLOSSYREFLECTIONS_OFF",1]]]},{"id":"16064","assetBundleId":"-1","data":["Hop Green",0,"64",2000,1,[["_Cutoff",0.5],["_Glossiness",0.899999976158142],["_GlossMapScale",1],["_SmoothnessTextureChannel",0],["_Metallic",0],["_SpecularHighlights",1],["_GlossyReflections",0],["_BumpScale",1],["_Parallax",0.0199999995529652],["_OcclusionStrength",1],["_DetailNormalMapScale",1],["_UVSec",0],["_Mode",0],["_SrcBlend",1],["_DstBlend",0],["_ZWrite",1]],[["_Color",0,1,0.0578188896179199,1],["_EmissionColor",0,0,0,1]],[["_MainTex_ST",3,3,3,3],["_MetallicGlossMap_ST",1,1,0,0],["_BumpMap_ST",1,1,0,0],["_ParallaxMap_ST",1,1,0,0],["_OcclusionMap_ST",1,1,0,0],["_EmissionMap_ST",3,3,3,3],["_DetailMask_ST",1,1,0,0],["_DetailAlbedoMap_ST",1,1,0,0],["_DetailNormalMap_ST",1,1,0,0]],[["_MainTex",null,null],["_MetallicGlossMap",null,null],["_BumpMap",null,null],["_ParallaxMap",null,null],["_OcclusionMap",null,null],["_EmissionMap",null,null],["_DetailMask",null,null],["_DetailAlbedoMap",null,null],["_DetailNormalMap",null,null]],[["_GLOSSYREFLECTIONS_OFF",1]]]},{"id":"16070","assetBundleId":"-1","data":["Hop Orange",0,"64",2000,1,[["_Cutoff",0.5],["_Glossiness",0.899999976158142],["_GlossMapScale",1],["_SmoothnessTextureChannel",0],["_Metallic",0],["_SpecularHighlights",1],["_GlossyReflections",0],["_BumpScale",1],["_Parallax",0.0199999995529652],["_OcclusionStrength",1],["_DetailNormalMapScale",1],["_UVSec",0],["_Mode",0],["_SrcBlend",1],["_DstBlend",0],["_ZWrite",1]],[["_Color",1,0.603973209857941,0,1],["_EmissionColor",0.215686306357384,0,0.0206307396292686,1]],[["_MainTex_ST",3,3,3,3],["_MetallicGlossMap_ST",1,1,0,0],["_BumpMap_ST",1,1,0,0],["_ParallaxMap_ST",1,1,0,0],["_OcclusionMap_ST",1,1,0,0],["_EmissionMap_ST",3,3,3,3],["_DetailMask_ST",1,1,0,0],["_DetailAlbedoMap_ST",1,1,0,0],["_DetailNormalMap_ST",1,1,0,0]],[["_MainTex",null,null],["_MetallicGlossMap",null,null],["_BumpMap",null,null],["_ParallaxMap",null,null],["_OcclusionMap",null,null],["_EmissionMap",null,null],["_DetailMask",null,null],["_DetailAlbedoMap",null,null],["_DetailNormalMap",null,null]],[["_EMISSION",1],["_GLOSSYREFLECTIONS_OFF",1]]]},{"id":"16068","assetBundleId":"-1","data":["Purple",0,"64",2000,1,[["_Cutoff",0.5],["_Glossiness",0.899999976158142],["_GlossMapScale",1],["_SmoothnessTextureChannel",0],["_Metallic",0],["_SpecularHighlights",1],["_GlossyReflections",0],["_BumpScale",1],["_Parallax",0.0199999995529652],["_OcclusionStrength",1],["_DetailNormalMapScale",1],["_UVSec",0],["_Mode",0],["_SrcBlend",1],["_DstBlend",0],["_ZWrite",1]],[["_Color",0.28054741024971,0,0.819607853889465,1],["_EmissionColor",0.0345888249576092,0.0305268839001656,0.132075488567352,1]],[["_MainTex_ST",3,3,3,3],["_MetallicGlossMap_ST",1,1,0,0],["_BumpMap_ST",1,1,0,0],["_ParallaxMap_ST",1,1,0,0],["_OcclusionMap_ST",1,1,0,0],["_EmissionMap_ST",3,3,3,3],["_DetailMask_ST",1,1,0,0],["_DetailAlbedoMap_ST",1,1,0,0],["_DetailNormalMap_ST",1,1,0,0]],[["_MainTex",null,null],["_MetallicGlossMap",null,null],["_BumpMap",null,null],["_ParallaxMap",null,null],["_OcclusionMap",null,null],["_EmissionMap",null,null],["_DetailMask",null,null],["_DetailAlbedoMap",null,null],["_DetailNormalMap",null,null]],[["_EMISSION",1],["_GLOSSYREFLECTIONS_OFF",1]]]},{"id":"16230","assetBundleId":"-1","data":["ContainerBase",0,"64",2000,1,[["_Cutoff",0.5],["_Glossiness",0],["_GlossMapScale",1],["_SmoothnessTextureChannel",0],["_Metallic",0],["_SpecularHighlights",1],["_GlossyReflections",1],["_BumpScale",1],["_Parallax",0.0199999995529652],["_OcclusionStrength",1],["_DetailNormalMapScale",1],["_UVSec",0],["_Mode",0],["_SrcBlend",1],["_DstBlend",0],["_ZWrite",1]],[["_Color",0.594339609146118,0.594339609146118,0.594339609146118,1],["_EmissionColor",0.141509398818016,0.141509398818016,0.141509398818016,1]],[["_MainTex_ST",1,1,0,0],["_MetallicGlossMap_ST",1,1,0,0],["_BumpMap_ST",1,1,0,0],["_ParallaxMap_ST",1,1,0,0],["_OcclusionMap_ST",1,1,0,0],["_EmissionMap_ST",1,1,0,0],["_DetailMask_ST",1,1,0,0],["_DetailAlbedoMap_ST",1,1,0,0],["_DetailNormalMap_ST",1,1,0,0]],[["_MainTex",null,null],["_MetallicGlossMap",null,null],["_BumpMap",null,null],["_ParallaxMap",null,null],["_OcclusionMap",null,null],["_EmissionMap",null,null],["_DetailMask",null,null],["_DetailAlbedoMap",null,null],["_DetailNormalMap",null,null]],[["_EMISSION",1]]]},{"id":"16232","assetBundleId":"-1","data":["Victory_1",0,"160",3000,1,[["_InvFade",2.95000004768372]],[["_TintColor",1,0.978670001029968,0,1]],[["_MainTex_ST",1,1,0,0]],[["_MainTex",17,"16390"]],[["_EMISSION",1],["_GLOSSYREFLECTIONS_OFF",1],["_SMOOTHNESS_TEXTURE_ALBEDO_CHANNEL_A",1]]]},{"id":"16274","assetBundleId":"-1","data":["Stick",0,"64",2000,1,[["_Cutoff",0.5],["_Glossiness",0],["_GlossMapScale",1],["_SmoothnessTextureChannel",0],["_Metallic",0],["_SpecularHighlights",1],["_GlossyReflections",1],["_BumpScale",1],["_Parallax",0.0199999995529652],["_OcclusionStrength",1],["_DetailNormalMapScale",1],["_UVSec",0],["_Mode",0],["_SrcBlend",1],["_DstBlend",0],["_ZWrite",1]],[["_Color",0.596078455448151,0.596078455448151,0.596078455448151,1],["_EmissionColor",0.21698109805584,0.21698109805584,0.21698109805584,1]],[["_MainTex_ST",1,1,0,0],["_MetallicGlossMap_ST",1,1,0,0],["_BumpMap_ST",1,1,0,0],["_ParallaxMap_ST",1,1,0,0],["_OcclusionMap_ST",1,1,0,0],["_EmissionMap_ST",1,1,0,0],["_DetailMask_ST",1,1,0,0],["_DetailAlbedoMap_ST",1,1,0,0],["_DetailNormalMap_ST",1,1,0,0]],[["_MainTex",null,null],["_MetallicGlossMap",null,null],["_BumpMap",null,null],["_ParallaxMap",null,null],["_OcclusionMap",null,null],["_EmissionMap",null,null],["_DetailMask",null,null],["_DetailAlbedoMap",null,null],["_DetailNormalMap",null,null]],[["_EMISSION",1]]]}],"meshes":[{"id":"16226","assetBundleId":"-1","data":["QuadHoop_0_0",false,742,[0,0,4.470348e-8,0.3634489,0.1074089,0.3634489],[1,1,0,0,0,0,1,0,0,0],[896,23744],[[[24640,6912]]],[],[]]},{"id":"630","assetBundleId":"-1","data":["Quad",false,4,[0,0,0,0.5,0.5,3.061617e-17],[1,1,1,0,0,0,1,0,0,0],[31552,192],[[[31744,12]]],[],[]]},{"id":"16032","assetBundleId":"-1","data":["Object001",false,3865,[0.008306861,-0.02195877,-0.03274119,0.6881896,0.7399941,0.306706],[1,1,0,0,0,0,1,0,0,0],[31756,123680],[[[155436,19164]],[[174600,5760]],[[180360,11460]]],[],[]]},{"id":"16228","assetBundleId":"-1","data":["Cylinder_B_02_0",false,388,[5.364418e-7,0,0,0.4999999,0.5,0.125],[1,1,0,0,0,0,1,0,0,0],[191820,12416],[[[204236,1728]]],[],[]]},{"id":"16270","assetBundleId":"-1","data":["Stick_Tile_0",false,91,[0,0,-5.215406e-8,0.08333698,0.08333698,0.1701938],[1,1,0,0,0,0,1,0,0,0],[205964,2912],[[[208876,504]]],[],[]]}],"prefabs":[{"id":"16054","assetBundleId":"-1","components":[{"type":1,"id":"16098","data":[0,0,2.30800008773804,1.29999995231628,1.60000002384186,1,0,0,0,1]},{"type":4,"id":"16100","enabled":1,"class":7,"data":[null,null,0,8,"16124",null,null]}],"children":[{"id":"16148","assetBundleId":"-1","components":[{"type":1,"id":"16122","data":[0,0,0,1,1,1,0,0,0,1]}],"children":[{"id":"16188","assetBundleId":"-1","components":[{"type":1,"id":"16150","data":[0,0,0,1,1,1,0,0,0,1]}],"children":[{"id":"16152","assetBundleId":"-1","components":[{"type":1,"id":"16190","data":[0,0,0,1,1,1,0,0,0,1]},{"type":9,"id":"16192","data":[10,"16226"]},{"type":8,"id":"16124","data":[null,null,1,11,"16064",[11,"16064"],1,1,0,0,-1,-1,1,1,0,0,1,1]}],"children":[],"data":["QuadHoop_0_0","Untagged",1,0,0]}],"data":["1","Untagged",1,0,0]}],"data":["Model","Untagged",1,0,0]}],"data":["Hoop","Untagged",1,0,0]},{"id":"16056","assetBundleId":"-1","components":[{"type":1,"id":"16104","data":[0,0,2.30800008773804,1,1,1,0,0,0,1]},{"type":4,"id":"16106","enabled":1,"class":7,"data":[null,null,0,8,"16126",12,"16128"]}],"children":[{"id":"16154","assetBundleId":"-1","components":[{"type":1,"id":"16130","data":[0,0,0,1,1,1,0,0,0,1]}],"children":[{"id":"16194","assetBundleId":"-1","components":[{"type":1,"id":"16156","data":[0,0,0,1,1,1,0,0,0,1]}],"children":[{"id":"16128","assetBundleId":"-1","components":[{"type":1,"id":"16158","data":[0,0,0,0.699999988079071,0.699999988079071,0.699999988079071,-0.707106828689575,0,0,0.707106828689575]},{"type":9,"id":"16160","data":[10,"16032"]},{"type":8,"id":"16126","data":[null,null,1,11,"16026",[11,"16026",11,"16028"],1,1,0,0,-1,-1,1,1,0,0,1,1]}],"children":[],"data":["Object001","Untagged",1,0,0]}],"data":["1","Untagged",1,0,0]}],"data":["Model","Untagged",1,0,0]}],"data":["Hoop2","Untagged",1,0,0]},{"id":"16182","assetBundleId":"-1","components":[{"type":1,"id":"16202","data":[0,0,0,0.800000011920929,1,0.800000011920929,0,0,0,1]}],"children":[{"id":"16246","assetBundleId":"-1","components":[{"type":1,"id":"16234","data":[0,0.170000001788139,0,0.800000011920929,0.800000011920929,1,0.707106828689575,0,0,0.707106828689575]},{"type":9,"id":"16268","data":[10,"16270"]},{"type":8,"id":"16272","data":[null,null,1,11,"16274",[11,"16274"],1,1,0,0,-1,-1,1,1,0,0,1,1]}],"children":[],"data":["Stick_Tile_0","Untagged",1,0,0]}],"data":["Stick","Untagged",1,0,0]},{"id":"16058","assetBundleId":"-1","components":[{"type":1,"id":"16110","data":[0,-0.300000011920929,0,1,1,1,0,0,0,1]},{"type":13,"id":"16112","data":[0,1,0,1.20000004768372,2,1.20000004768372,1,0,null,null]},{"type":4,"id":"16114","enabled":1,"class":14,"data":[[],0,15,"16142",12,"16144",12,"16146"]}],"children":[{"id":"16166","assetBundleId":"-1","components":[{"type":1,"id":"16132","data":[0,0,0,1,1,1,0.707106828689575,0,0,0.707106828689575]},{"type":9,"id":"16198","data":[10,"16228"]},{"type":8,"id":"16200","data":[null,null,1,11,"16230",[11,"16230"],1,1,0,0,-1,-1,1,1,0,0,1,1]}],"children":[],"data":["Base","Untagged",1,0,0]},{"id":"16168","assetBundleId":"-1","components":[{"type":1,"id":"16134","data":[0,0.100000001490116,0,1,1,1,0,0,0,1]}],"children":[{"id":"16222","assetBundleId":"-1","components":[{"type":1,"id":"16170","data":[0,0,0,0.800000011920929,1,0.800000011920929,0,0,0,1]}],"children":[{"id":"16244","assetBundleId":"-1","components":[{"type":1,"id":"16224","data":[0,0.170000001788139,0,0.800000011920929,0.800000011920929,1,0.707106828689575,0,0,0.707106828689575]},{"type":9,"id":"16248","data":[10,"16270"]},{"type":8,"id":"16250","data":[null,null,1,11,"16274",[11,"16274"],1,1,0,0,-1,-1,1,1,0,0,1,1]}],"children":[],"data":["Stick_Tile_0","Untagged",1,0,0]}],"data":["Stick","Untagged",1,0,0]},{"id":"16208","assetBundleId":"-1","components":[{"type":1,"id":"16172","data":[0,0.340000003576279,0,0.800000011920929,1,0.800000011920929,0,0,0,1]}],"children":[{"id":"16238","assetBundleId":"-1","components":[{"type":1,"id":"16210","data":[0,0.170000001788139,0,0.800000011920929,0.800000011920929,1,0.707106828689575,0,0,0.707106828689575]},{"type":9,"id":"16252","data":[10,"16270"]},{"type":8,"id":"16254","data":[null,null,1,11,"16274",[11,"16274"],1,1,0,0,-1,-1,1,1,0,0,1,1]}],"children":[],"data":["Stick_Tile_0","Untagged",1,0,0]}],"data":["Stick (1)","Untagged",1,0,0]},{"id":"16214","assetBundleId":"-1","components":[{"type":1,"id":"16174","data":[0,0.680000007152557,0,0.800000011920929,1,0.800000011920929,0,0,0,1]}],"children":[{"id":"16240","assetBundleId":"-1","components":[{"type":1,"id":"16216","data":[0,0.170000001788139,0,0.800000011920929,0.800000011920929,1,0.707106828689575,0,0,0.707106828689575]},{"type":9,"id":"16260","data":[10,"16270"]},{"type":8,"id":"16262","data":[null,null,1,11,"16274",[11,"16274"],1,1,0,0,-1,-1,1,1,0,0,1,1]}],"children":[],"data":["Stick_Tile_0","Untagged",1,0,0]}],"data":["Stick (2)","Untagged",1,0,0]},{"id":"16144","assetBundleId":"-1","components":[{"type":1,"id":"16176","data":[0,1.01999998092651,0,0.800000011920929,1,0.800000011920929,0,0,0,1]}],"children":[{"id":"16242","assetBundleId":"-1","components":[{"type":1,"id":"16218","data":[0,0.170000001788139,0,0.800000011920929,0.800000011920929,1,0.707106828689575,0,0,0.707106828689575]},{"type":9,"id":"16264","data":[10,"16270"]},{"type":8,"id":"16266","data":[null,null,1,11,"16274",[11,"16274"],1,1,0,0,-1,-1,1,1,0,0,1,1]}],"children":[],"data":["Stick_Tile_0","Untagged",1,0,0]}],"data":["Stick (3)","Untagged",1,0,0]},{"id":"16146","assetBundleId":"-1","components":[{"type":1,"id":"16178","data":[0,1.36000001430511,0,0.800000011920929,1,0.800000011920929,0,0,0,1]}],"children":[{"id":"16236","assetBundleId":"-1","components":[{"type":1,"id":"16204","data":[0,0.170000001788139,0,0.800000011920929,0.800000011920929,1,0.707106828689575,0,0,0.707106828689575]},{"type":9,"id":"16256","data":[10,"16270"]},{"type":8,"id":"16258","data":[null,null,1,11,"16274",[11,"16274"],1,1,0,0,-1,-1,1,1,0,0,1,1]}],"children":[],"data":["Stick_Tile_0","Untagged",1,0,0]}],"data":["Stick (4)","Untagged",1,0,0]}],"data":["Sticks","Untagged",1,0,0]},{"id":"16180","assetBundleId":"-1","components":[{"type":1,"id":"16136","data":[0,0.100000001490116,0,1,1,1,0,0,0,1]}],"children":[],"data":["Hoops","Untagged",1,0,0]},{"id":"16164","assetBundleId":"-1","components":[{"type":1,"id":"16138","data":[0,0.100000001490116,0,1,1,1,0,0,0,1]}],"children":[],"data":["StartPoint","Untagged",1,0,0]},{"id":"16162","assetBundleId":"-1","components":[{"type":1,"id":"16140","data":[0,0.96399998664856,0,1,1,1,0,0,0,1]},{"type":15,"id":"16142","data":[[2,0,0,[0,null,null,1,0,0],[0,null,null,1,0,4],[3,null,null,1,2,1],0,[3,null,null,1,0.300000011920929,0.150000005960464],[3,null,null,1,1,1],[3,null,null,1,1,1],0,[3,null,null,1,0,0],[3,null,null,1,0,0],[3,null,null,1,0,0],[0,null,null,1.67875680023855e-9,4.59051363928167e-41,4.20389539297445e-45,1,1,1,1,1],[0,null,null,1,0,0.0700000002980232],0,null,null,5,0,1,0,1000,0],[0,[1,null,[0,[[1,1,1,1,0],[1,1,1,1,1]],[[1,0],[1,1]]],0,0,0,0,1.68319491677948e-9,4.59051363928167e-41,2.23639943369713e-12,4.59051363928167e-41],0,1],[1,[1,null,[0,[[1,1,1,1,0],[1,1,1,1,1]],[[1,0.444998860359192],[0,1]]],-954004930560,8.71607644810036e-43,3.55459213256836,8.71607644810036e-43,1.68315672510744e-9,4.59051363928167e-41,2.23639943369713e-12,4.59051363928167e-41]],[1,[0,null,null,1,0,10],[0,null,null,1,0,0],[[[0,null,null,1,0,0],1,0,0,0.00999999977648258,0]]],[0,[0,null,null,1,0,0],[0,null,null,1,0,0],[0,null,null,1,0,0.785398185253143],0,0,1],[1,[3,null,null,1,0,0],[3,null,null,1,0,0],[3,null,null,1,0,6.28318500518799],0],[1,4,0,0,0,0,0.0000999999974737875,0,0,[0,null,null,1,0,1],1,12,5,0,0,0,0,null,null,null,null,null,null,0,0,1,0,360,0,0,[0,null,null,1,0,1],0.200000002980232,0,0,0,270,0,0,1,1,1],[0,[1,null,[0,0,0,1,0,0,0,1,1,1,0,0,0,0],1,0,0],[1,null,[0,0,0,1,0,0,0,1,1,1,0,0,0,0],1,0,0],[1,null,[0,0,0,1,0,0,0,1,1,1,0,0,0,0],1,0,0],0,0,1],[0,[1,null,[0,0,0,1,0,0,0,1,1,1,0,0,0,0],1,0,0],[1,null,[0,0,0,1,0,0,0,1,1,1,0,0,0,0],1,0,0],[1,null,[0,0,0,1,0,0,0,1,1,1,0,0,0,0],1,0,0],0],[1,0,0,4,1,1,[3,null,null,1,0,0.999899983406067],[0,null,null,1,0,0],1,0,0,0,1,[null,null]],[0,[0,null,null,1,0,0],[0,null,null,1,0,0],[0,null,null,1,0,0],[0,null,null,1,0,1],0],[0,0,[0,null,null,1,0,1],[0,null,null,1,0,1],[0,null,null,1,0,1],0.5,1,1,0.5,2,2,[0,null,null,1,0,0],0,0,[1,null,[0,-1,0,2,0,0,0,1,1,2,0,0,0,0],1,0,0],[1,null,[0,-1,0,2,0,0,0,1,1,2,0,0,0,0],1,0,0],[1,null,[0,-1,0,2,0,0,0,1,1,2,0,0,0,0],1,0,0],[0,null,null,1,0,1],[0,null,null,1,0,0],[0,null,null,1,0,0]],[0,0,[0,null,null,1,0,0]],[0,[0,null,null,1,0,0],[0,null,null,1,0,0],[0,null,null,1,0,0],0,0],[0,[0,null,null,1,0,1],[0,null,null,1,0,1],[0,null,null,1,0,1],0,0,0,[0,null,null,1,0,0],1,1],1,0]},{"type":16,"id":"16196","data":[1,11,"16232",[11,"16232"],0,0,0,75,-1,-1,1,1,0,0,1,0,10,"630",1,4,0,0,0,2,0,0,1,0,0,0.5,0,0,0,null,null]}],"children":[],"data":["Victory_particle","Untagged",1,0,0]}],"data":["Container","Untagged",1,0,0]}],"scenes":[{"id":"scene0","name":"Game","assetBundleId":"-1","data":["Game",0,1],"objects":[{"id":"31316","assetBundleId":"","components":[{"type":1,"id":"31322","data":[1.89999997615814,13.0500001907349,-19.7700004577637,1,1,1,0.30901700258255,0,0,0.95105654001236]},{"type":2,"id":"31320","data":[1,2.14074063301086,1,5,0.886274516582489,0.886274516582489,0.886274516582489,0,0.300000011920929,1000,60,-1,2,23,[0,0,1,1],null,null]},{"type":3,"id":"31318","data":[]},{"type":4,"id":"31324","enabled":1,"class":5,"data":[2,"31320"]}],"children":[],"data":["Main Camera","MainCamera",1,0,0]},{"id":"31430","assetBundleId":"","components":[{"type":1,"id":"31434","data":[1.82000005245209,14.4443111419678,-18.932258605957,1,1,1,0,0,0,1]},{"type":2,"id":"31432","data":[1,2.14074063301086,1,3.10999989509583,0.192156866192818,0.301960796117783,0.474509805440903,0,0.300000011920929,100,60,5,3,32,[0,0,1,1],null,null]}],"children":[],"data":["Sub Camera","Untagged",1,0,0]},{"id":"31270","assetBundleId":"","components":[{"type":1,"id":"31274","data":[0,3,0,1,1,1,0.408217877149582,-0.234569683670998,0.109381631016731,0.875426113605499]},{"type":6,"id":"31272","data":[1,1,1,1,1,1,-1,1,10,30,2,0.400000005960464,0.0500000007450581,0.400000005960464,4,0,null,null,10]}],"children":[],"data":["Directional Light","Untagged",1,0,0]},{"id":"31416","assetBundleId":"","components":[{"type":1,"id":"31420","data":[0,0,0,1,1,1,0,0,0,1]},{"type":4,"id":"31418","enabled":1,"class":18,"data":[0,[10,0,6,1.29999995231628,-3.5,0.349999994039536,[1,1.35,1.7],0.150000005960464,0.25,0.300000011920929,12,"16054",12,"16056",12,"16058"],[[[0,11,"16060"],[6,11,"16062"],[3,11,"16064"],[2,11,"16066"],[4,11,"16026"],[5,11,"16068"],[1,11,"16070"]]],0,[],4,0,-1,12,"31172",12,"31244",19,"31180",0,20,"31254",[[]]]}],"children":[{"id":"31388","assetBundleId":"","components":[{"type":1,"id":"31390","data":[0,0,0,1,1,1,0,0,0,1]},{"type":4,"id":"31392","enabled":1,"class":21,"data":[]}],"children":[],"data":["Database","Untagged",1,0,0]},{"id":"31338","assetBundleId":"","components":[{"type":1,"id":"31340","data":[-5.15000009536743,0,0,1,1,1,0,0,0,1]},{"type":22,"id":"31348","data":[null,null,1,0,0,1]},{"type":22,"id":"31346","data":[null,null,1,0,0,1]},{"type":22,"id":"31344","data":[null,null,1,0,0,1]},{"type":4,"id":"31342","enabled":1,"class":23,"data":[[22,"31348",22,"31346",22,"31344"],24,"16034",24,"16036",24,"16038",24,"16040",24,"16042",24,"16044"]}],"children":[],"data":["SoundManager","Untagged",1,0,0]}],"data":["GameManager","Untagged",1,0,0]},{"id":"31252","assetBundleId":"","components":[{"type":1,"id":"31256","data":[0,0,2.98023223876953e-8,1,1,1,0,0,0,1]},{"type":4,"id":"31254","enabled":1,"class":20,"data":[12,"31182",12,"31236",12,"31326",12,"31350",18,"31418",12,"31462",12,"31226",12,"31290"]}],"children":[],"data":["UIManager","Untagged",1,0,0]},{"id":"31216","assetBundleId":"","components":[{"type":25,"id":"31224","data":[0.5,0.5,0,0,0,0,2097.42138671875,979.764465332031,1.82000005245209,14.4443111419678,1.06774139404297,0,0,0,1,0.00634846463799477,0.00634846463799477,0.00634846463799477]},{"type":26,"id":"31222","data":[1,20,100,0,1,0,"Default",5,1.10230576992035,2,"31432",0,0,0,0]},{"type":27,"id":"31220","enabled":1,"class":28,"data":[1,100,1,720,1280,0,0.800000011920929,3,96,96,1,0]},{"type":27,"id":"31218","enabled":1,"class":29,"data":[1,0,-1]}],"children":[{"id":"31436","assetBundleId":"","components":[{"type":25,"id":"31438","data":[0.5,0.5,0,0,1,1,0,0,0,0,0,0,0,0,1,1,1,1]},{"type":30,"id":"31442","data":[1]},{"type":27,"id":"31440","enabled":1,"class":31,"data":[32,"794",1,0,1,4,1,1,0,0,1,null,null,1,1,1,1,0,1,0,0,0,0]}],"children":[{"id":"31236","assetBundleId":"","components":[{"type":25,"id":"31238","data":[0.5,1,0,1,1,1,0,356.677001953125,0,0,0,0,0,0,1,1,1,1]},{"type":30,"id":"31242","data":[1]},{"type":27,"id":"31240","enabled":1,"class":31,"data":[32,"794",1,0,1,4,1,1,0,0,1,null,null,1,1,1,1,0,1,0,0,0,0]}],"children":[{"id":"31422","assetBundleId":"","components":[{"type":25,"id":"31424","data":[0.5,1,0.5,1,0.5,1,900,300,0,100,0,0,0,0,1,1,1,1]},{"type":30,"id":"31428","data":[1]},{"type":27,"id":"31426","enabled":1,"class":31,"data":[null,null,0,0,1,4,1,1,0,0,1,null,null,1,1,1,1,0,1,0,0,0,0]}],"children":[{"id":"31208","assetBundleId":"","components":[{"type":25,"id":"31210","data":[0.5,0.5,0,0,1,1,0,0,0,0,0,0,0,0,1,1,1,1]},{"type":30,"id":"31214","data":[1]},{"type":27,"id":"31212","enabled":1,"class":31,"data":[32,"794",1,0,1,4,1,1,0,0,1,null,null,1,1,1,1,0,1,0,0,0,0]}],"children":[{"id":"31394","assetBundleId":"","components":[{"type":25,"id":"31396","data":[0.5,0.5,0.5,0.5,0.5,0.5,75,75,-98,-52.0003433227539,0,0,0,0,1,1,1,1]},{"type":30,"id":"31400","data":[1]},{"type":27,"id":"31398","enabled":1,"class":31,"data":[32,"16048",0,0,1,4,1,1,0,0,1,null,null,1,1,1,1,1,1,0,0,0,0]}],"children":[],"data":["Clock","Untagged",1,0,5]},{"id":"31172","assetBundleId":"","components":[{"type":25,"id":"31174","data":[0.5,0.5,0.5,0.5,0.5,0.5,300,150,117,-52,0,0,0,0,1,1,1,1]},{"type":30,"id":"31178","data":[1]},{"type":27,"id":"31176","enabled":1,"class":33,"data":[[34,"20774",70,1,0,0,300,3,0,1,0,0,1],"00:15",null,null,1,1,1,1,1,1,0,0,0,0]},{"type":4,"id":"31180","enabled":1,"class":19,"data":[33,"31176",12,"31244",15,0,20,"31254"]}],"children":[],"data":["Timer","Untagged",1,0,5]},{"id":"31244","assetBundleId":"","components":[{"type":25,"id":"31246","data":[0.5,0.5,0.5,0.5,0.5,0.5,300,150,116.999992370605,-52.0003128051758,0,0,0,0,1,1,1,1]},{"type":30,"id":"31250","data":[1]},{"type":27,"id":"31248","enabled":1,"class":33,"data":[[34,"20774",70,1,0,0,300,3,0,1,0,0,1],"00:00",null,null,1,1,1,1,1,1,0,0,0,0]}],"children":[],"data":["Sub_timer","Untagged",0,0,5]}],"data":["TimerContainer","Untagged",1,0,5]}],"data":["BG","Untagged",1,0,5]}],"data":["TimerUI","Untagged",0,0,5]},{"id":"31308","assetBundleId":"","components":[{"type":25,"id":"31310","data":[0.5,0,0,0,1,0,0,180,0,197,0,0,0,0,1,1,1,1]},{"type":30,"id":"31314","data":[1]},{"type":27,"id":"31312","enabled":1,"class":31,"data":[32,"794",1,0,1,4,1,1,0,0,1,null,null,1,1,1,1,0,1,0,0,0,0]}],"children":[{"id":"31182","assetBundleId":"","components":[{"type":25,"id":"31184","data":[0.5,0,0,0,1,0,0,180,0,0,0,0,0,0,1,1,1,1]},{"type":30,"id":"31188","data":[1]},{"type":27,"id":"31186","enabled":1,"class":33,"data":[[34,"20774",50,0,0,0,70,7,0,1,0,1,1],"SAME COLOR hoop can be placed on top each other",null,null,1,1,1,1,1,1,0,0,0,0]},{"type":35,"id":"31190","data":[36,"16014",0,[],1]}],"children":[],"data":["Guide_text","Untagged",1,0,5]}],"data":["Text Container","Untagged",1,0,5]},{"id":"31200","assetBundleId":"","components":[{"type":25,"id":"31202","data":[0.5,0,0.5,0,0.5,0,700,200,0,0,0,0,0,0,1,1,1,1]},{"type":30,"id":"31206","data":[1]},{"type":27,"id":"31204","enabled":1,"class":31,"data":[32,"794",1,0,1,4,1,1,0,0,1,null,null,1,1,1,1,0,1,0,0,0,0]}],"children":[{"id":"31350","assetBundleId":"","components":[{"type":25,"id":"31352","data":[0.5,0.5,0.5,0.5,0.5,0.5,450,130,0,0,0,0,0,0,1,1,1,1]},{"type":30,"id":"31358","data":[1]},{"type":27,"id":"31356","enabled":1,"class":31,"data":[32,"24750",0,0,1,4,1,1,0,0,1,null,null,1,1,1,1,1,1,0,0,0,0]},{"type":27,"id":"31354","enabled":1,"class":37,"data":[[[[[20,"31254","UIManager, Assembly-CSharp","ButtonDownload",1,[null,null,"UnityEngine.Object, UnityEngine",0,0,"",0],2]]]],[3,0,null,null,null,null,null,null,null,null],1,[1,1,1,1,0.960784316062927,0.960784316062927,0.960784316062927,1,0.7843137383461,0.7843137383461,0.7843137383461,1,0.960784316062927,0.960784316062927,0.960784316062927,1,0.7843137383461,0.7843137383461,0.7843137383461,0.501960813999176,1,0.100000001490116],[null,null,null,null,null,null,null,null],["Normal","Highlighted","Pressed","Selected","Disabled"],1,31,"31356"]}],"children":[],"data":["Download_btn","Untagged",1,0,5]}],"data":["Download Container","Untagged",1,0,5]},{"id":"31226","assetBundleId":"","components":[{"type":25,"id":"31228","data":[0.5,0.5,0.5,0.5,0.5,0.5,200,200,0,-23.9999389648438,0,0,0,0,1,1,1,1]},{"type":35,"id":"31230","data":[36,"16018",0,[],1]},{"type":30,"id":"31234","data":[1]},{"type":27,"id":"31232","enabled":1,"class":31,"data":[null,null,0,0,1,4,1,1,0,0,1,null,null,1,1,1,1,0,1,0,0,0,0]}],"children":[{"id":"31192","assetBundleId":"","components":[{"type":25,"id":"31194","data":[0.5,0.5,0.5,0.5,0.5,0.5,200,200,0,0,0,0,0,0,1,1,1,1]},{"type":30,"id":"31198","data":[1]},{"type":27,"id":"31196","enabled":1,"class":31,"data":[32,"16016",0,0,1,4,1,1,0,0,1,null,null,1,1,1,1,1,0,0,0,0,0]}],"children":[],"data":["Normal Hand","Untagged",1,0,5]},{"id":"31480","assetBundleId":"","components":[{"type":25,"id":"31482","data":[0.5,0.5,0.5,0.5,0.5,0.5,200,200,0,0,0,0,0,0,1,1,1,1]},{"type":30,"id":"31486","data":[1]},{"type":27,"id":"31484","enabled":1,"class":31,"data":[32,"16084",0,0,1,4,1,1,0,0,1,null,null,1,1,1,1,1,0,0,0,0,0]}],"children":[],"data":["Clicked Hand","Untagged",0,0,5]}],"data":["Tutorial_hand_1","Untagged",0,0,5]},{"id":"31290","assetBundleId":"","components":[{"type":25,"id":"31292","data":[0.5,0.5,0.5,0.5,0.5,0.5,200,200,190,-24,0,0,0,0,1,1,1,1]},{"type":35,"id":"31294","data":[36,"16018",0,[],1]},{"type":30,"id":"31298","data":[1]},{"type":27,"id":"31296","enabled":1,"class":31,"data":[null,null,0,0,1,4,1,1,0,0,1,null,null,1,1,1,1,0,1,0,0,0,0]}],"children":[{"id":"31300","assetBundleId":"","components":[{"type":25,"id":"31302","data":[0.5,0.5,0.5,0.5,0.5,0.5,200,200,0,0,0,0,0,0,1,1,1,1]},{"type":30,"id":"31306","data":[1]},{"type":27,"id":"31304","enabled":1,"class":31,"data":[32,"16016",0,0,1,4,1,1,0,0,1,null,null,1,1,1,1,1,0,0,0,0,0]}],"children":[],"data":["Normal Hand","Untagged",1,0,5]},{"id":"31488","assetBundleId":"","components":[{"type":25,"id":"31490","data":[0.5,0.5,0.5,0.5,0.5,0.5,200,200,0,0,0,0,0,0,1,1,1,1]},{"type":30,"id":"31494","data":[1]},{"type":27,"id":"31492","enabled":1,"class":31,"data":[32,"16084",0,0,1,4,1,1,0,0,1,null,null,1,1,1,1,1,0,0,0,0,0]}],"children":[],"data":["Clicked Hand","Untagged",0,0,5]}],"data":["Tutorial_hand_2","Untagged",0,0,5]},{"id":"31462","assetBundleId":"","components":[{"type":25,"id":"31464","data":[0.5,0.5,0.5,0.5,0.5,0.5,700,800,0,61,0,0,0,0,1,0.100000001490116,0.100000001490116,1]},{"type":35,"id":"31466","data":[36,"16080",0,[],1]},{"type":30,"id":"31470","data":[1]},{"type":27,"id":"31468","enabled":1,"class":31,"data":[null,null,0,0,1,4,1,1,0,0,1,null,null,1,1,1,1,0,1,0,0,0,0]}],"children":[{"id":"31472","assetBundleId":"","components":[{"type":25,"id":"31474","data":[0.5,0.5,0.5,0.5,0.5,0.5,670,630,0,0,0,0,0,0,1,1,1,1]},{"type":30,"id":"31478","data":[1]},{"type":27,"id":"31476","enabled":1,"class":31,"data":[32,"16082",0,0,1,4,1,1,0,0,1,null,null,1,1,1,1,1,1,0,0,0,0]}],"children":[{"id":"31276","assetBundleId":"","components":[{"type":25,"id":"31278","data":[0.5,1,0.5,1,0.5,1,500,130,0,6,0,0,0,0,1,1,1,1]},{"type":30,"id":"31282","data":[1]},{"type":27,"id":"31280","enabled":1,"class":33,"data":[[34,"20774",60,1,0,0,60,4,0,1,0,0,1],"NEW HOOP",null,null,1,1,1,1,1,1,0,0,0,0]}],"children":[],"data":["Text","Untagged",1,0,5]},{"id":"31164","assetBundleId":"","components":[{"type":25,"id":"31166","data":[0.5,0.5,0.5,0.5,0.5,0.5,400,250,0,18,0,0,0,0,1,1,1,1]},{"type":30,"id":"31170","data":[1]},{"type":27,"id":"31168","enabled":1,"class":31,"data":[32,"16012",0,0,1,4,1,1,0,0,1,null,null,1,1,1,1,1,1,0,0,0,0]}],"children":[{"id":"31334","assetBundleId":"","components":[{"type":25,"id":"31336","data":[0.5,0.5,0.5,0.5,0.5,0.5,100,100,0.000084273997345008,52,127.790000915527,0,0,0,1,247.941558837891,247.941558837891,247.941558837891]}],"children":[{"id":"31284","assetBundleId":"","components":[{"type":1,"id":"31446","data":[0.00149519997648895,-0.145119994878769,-0.765079975128174,0.819999992847443,0.819999992847443,0.819999992847443,-0.766044497489929,0,0,0.642787635326386]},{"type":9,"id":"31288","data":[10,"16032"]},{"type":8,"id":"31286","data":[null,null,1,11,"16026",[11,"16026",11,"16028"],1,1,0,0,-1,0,1,1,0,0,1,1]}],"children":[],"data":["Donut","Untagged",1,0,5]}],"data":["Object Panel","Untagged",1,0,5]}],"data":["Mini_bg","Untagged",1,0,5]},{"id":"31366","assetBundleId":"","components":[{"type":25,"id":"31368","data":[0.5,0,0.5,0,0.5,0,400,120,0,49,0,0,0,0,1,1,1,1]},{"type":30,"id":"31374","data":[1]},{"type":27,"id":"31372","enabled":1,"class":31,"data":[32,"28736",0,0,1,4,1,1,0,0,1,null,null,1,1,1,1,1,1,0,0,0,0]},{"type":27,"id":"31370","enabled":1,"class":37,"data":[[[[[20,"31254","UIManager, Assembly-CSharp","ButtonGetReward",1,[null,null,"UnityEngine.Object, UnityEngine",0,0,"",0],2]]]],[3,0,null,null,null,null,null,null,null,null],1,[1,1,1,1,0.960784316062927,0.960784316062927,0.960784316062927,1,0.7843137383461,0.7843137383461,0.7843137383461,1,0.960784316062927,0.960784316062927,0.960784316062927,1,0.7843137383461,0.7843137383461,0.7843137383461,0.501960813999176,1,0.100000001490116],[null,null,null,null,null,null,null,null],["Normal","Highlighted","Pressed","Selected","Disabled"],1,31,"31372"]}],"children":[],"data":["Claim_btn","Untagged",1,0,5]}],"data":["BG","Untagged",1,0,5]}],"data":["RewardUI","Untagged",0,0,5]},{"id":"31326","assetBundleId":"","components":[{"type":25,"id":"31328","data":[0.5,0.5,0,0,1,1,0,0,0,0,0,0,0,0,1,1,1,1]},{"type":30,"id":"31332","data":[1]},{"type":27,"id":"31330","enabled":1,"class":31,"data":[32,"794",1,0,1,4,1,1,0,0,1,null,null,1,0.660377383232117,0.660377383232117,0.660377383232117,0.647058844566345,1,0,0,0,0]}],"children":[{"id":"31360","assetBundleId":"","components":[{"type":25,"id":"31362","data":[0.5,0.5,0,0,1,1,0,0,0,0,0,0,0,0,1,0.100000001490116,0.100000001490116,1]},{"type":35,"id":"31364","data":[36,"16046",0,[],1]}],"children":[{"id":"31402","assetBundleId":"","components":[{"type":25,"id":"31404","data":[0.5,0.5,0.5,0.5,0.5,0.5,350,330,0,205,0,0,0,0,1,1,1,1]},{"type":30,"id":"31408","data":[1]},{"type":27,"id":"31406","enabled":1,"class":31,"data":[32,"27306",0,0,1,4,1,1,0,0,1,null,null,1,1,1,1,1,1,0,0,0,0]}],"children":[],"data":["Logo","Untagged",1,0,5]},{"id":"31376","assetBundleId":"","components":[{"type":25,"id":"31378","data":[0.5,0.5,0.5,0.5,0.5,0.5,380,110,0,-122,0,0,0,0,1,1,1,1]},{"type":30,"id":"31384","data":[1]},{"type":27,"id":"31382","enabled":1,"class":31,"data":[32,"24750",0,0,1,4,1,1,0,0,1,null,null,1,1,1,1,1,1,0,0,0,0]},{"type":27,"id":"31380","enabled":1,"class":37,"data":[[[[[20,"31254","UIManager, Assembly-CSharp","ButtonDirectToStore",1,[null,null,"UnityEngine.Object, UnityEngine",0,0,"",0],2]]]],[3,0,null,null,null,null,null,null,null,null],1,[1,1,1,1,0.960784316062927,0.960784316062927,0.960784316062927,1,0.7843137383461,0.7843137383461,0.7843137383461,1,0.960784316062927,0.960784316062927,0.960784316062927,1,0.7843137383461,0.7843137383461,0.7843137383461,0.501960813999176,1,0.100000001490116],[null,null,null,null,null,null,null,null],["Normal","Highlighted","Pressed","Selected","Disabled"],1,31,"31382"]},{"type":35,"id":"31386","data":[36,"-4122",2,[],1]}],"children":[],"data":["DirectToStoreBtn","Untagged",1,0,5]},{"id":"31258","assetBundleId":"","components":[{"type":25,"id":"31260","data":[0.5,0.5,0.5,0.5,0.5,0.5,380,110,0,-268,0,0,0,0,1,1,1,1]},{"type":30,"id":"31266","data":[1]},{"type":27,"id":"31264","enabled":1,"class":31,"data":[32,"24748",0,0,1,4,1,1,0,0,1,null,null,1,1,1,1,1,1,0,0,0,0]},{"type":27,"id":"31262","enabled":1,"class":37,"data":[[[[[20,"31254","UIManager, Assembly-CSharp","ButtonRestart",1,[null,null,"UnityEngine.Object, UnityEngine",0,0,"",0],2]]]],[3,0,null,null,null,null,null,null,null,null],1,[1,1,1,1,0.960784316062927,0.960784316062927,0.960784316062927,1,0.7843137383461,0.7843137383461,0.7843137383461,1,0.960784316062927,0.960784316062927,0.960784316062927,1,0.7843137383461,0.7843137383461,0.7843137383461,0.501960813999176,1,0.100000001490116],[null,null,null,null,null,null,null,null],["Normal","Highlighted","Pressed","Selected","Disabled"],1,31,"31264"]},{"type":35,"id":"31268","data":[36,"-4204",2,[],1]}],"children":[],"data":["Retry","Untagged",1,0,5]}],"data":["Container","Untagged",1,0,5]}],"data":["CTA","Untagged",0,0,5]}],"data":["Main UI","Untagged",1,0,5]}],"data":["Canvas","Untagged",1,0,5]},{"id":"31448","assetBundleId":"","components":[{"type":1,"id":"31454","data":[0,0,0,1,1,1,0,0,0,1]},{"type":27,"id":"31452","enabled":1,"class":38,"data":[null,null,1,10]},{"type":27,"id":"31450","enabled":1,"class":39,"data":["Horizontal","Vertical","Submit","Cancel",10,0.5,0]}],"children":[],"data":["EventSystem","Untagged",1,0,0]},{"id":"31456","assetBundleId":"","components":[{"type":1,"id":"31460","data":[0,0,0,1,1,1,0,0,0,1]},{"type":22,"id":"31458","data":[24,"16078",1,1,0,1]}],"children":[],"data":["Sound BG","Untagged",1,0,0]},{"id":"31410","assetBundleId":"","components":[{"type":1,"id":"31414","data":[1.79999995231628,-21.7000007629395,25,20,20,20,0,0,0,1]},{"type":40,"id":"31412","data":[1,11,"540",[11,"540"],0,0,0,0,-1,0,1,1,0,0,1,1,1,1,1,1,32,"20288",0,0,0,5.13000011444092,9.11999988555908,0,0.5,0,0]}],"children":[],"data":["Background","Untagged",1,0,0]}],"render_settings":{"data":[1,1,0,1,1,1,1,1,1,1,1,0.0469999983906746,0.0430000014603138,0.0350000001490116,1,0.114000000059605,0.125,0.133000001311302,1,0.5,0.5,0.5,1,300,0,0.00999999977648258,0,11,"772",3,[],[[209380,0],[209380,0],[209380,0],[209380,0],[209380,0],[209380,0]],1,1,[0.1678838,-0.01659165,-0.01137983,0.00656961,0.004985159,-0.008635049,0.009734819,-0.01030053,0.02333619,0.2107363,0.02701665,-0.0188861,0.01090373,0.008416965,-0.01457904,0.01416337,-0.01572322,0.03351215,0.2899413,0.1099665,-0.0348094,0.02009422,0.01630473,-0.02824404,0.01814265,-0.02374644,0.04080036],null,null,41,"16280",0,128,"31272",4,1,1,1]}}],"shaders":[{"id":"32","assetBundleId":"-1","data":[[],"Hidden/InternalErrorShader",[],[[0,[4,null],[1,null],[2,null],[[1,null],[0,null],[0,null]],[[1,null],[0,null],[0,null]],[15,null],[0,null],[0,null],[0,null],[255,null],[255,null],[[0,null],[0,null],[0,null],[8,null]],[[0,null],[0,null],[0,null],[8,null]],[[0,null],[0,null],[0,null],[8,null]],[],[],[],0]],[],null,null,0]}],"sounds":[{"id":"16034","assetBundleId":"-1","data":["HoopFly"]},{"id":"16042","assetBundleId":"-1","data":["Win"]},{"id":"16036","assetBundleId":"-1","data":["HoopDrop"]},{"id":"16044","assetBundleId":"-1","data":["Button"]},{"id":"16038","assetBundleId":"-1","data":["HoopSelect"]},{"id":"16040","assetBundleId":"-1","data":["ContainerFinish"]},{"id":"16078","assetBundleId":"-1","data":["tea star party cut"]}],"sprites":[{"id":"16016","assetBundleId":"-1","data":["FingerUp",17,"16088",[-0.01000001,-0.05499999,0,0.39,0.475,0],[0.38,0.25,0,0.796875,0.6953125,0.34,-0.53,0,0.765625,0.08593753,0.38,-0.52,0,0.796875,0.09375,0.3,0.42,0,0.734375,0.828125,-0.14,-0.53,0,0.390625,0.08593753,-0.21,0.42,0,0.3359375,0.828125,-0.4,0.08,0,0.1875,0.5625,-0.4,-0.19,0,0.1875,0.3515625],[7,6,4,5,4,6,3,4,5,1,4,3,0,1,3,2,1,0],-0.000208988785743713,-0.000594660639762878,0.999791026115417,0.999405324459076,0.1875,0.0859375298023224,0.796875,0.828125,0,0,0,0,[0,0,0,0],[-0.64,-0.64,0.64,0.64],100,128,128,128,128,64,64,24.0267505645752,11.0761203765869]},{"id":"16012","assetBundleId":"-1","data":["layout_purchaseitem",17,"16086",[0,0,0,2.9,1.500977,0],[-2.877344,1.376367,0,0.00390625,0.9584906,-2.854687,-1.387695,0,0.0078125,0.03773585,-2.843359,1.399023,0,0.009765655,0.9660378,-2.877344,-1.376367,0,0.00390625,0.0415094,-2.9,1.319727,0,2.980232e-8,0.9396226,-2.9,-1.319727,0,2.980232e-8,0.06037733,2.866016,1.376367,0,0.9941406,0.9584906,2.9,-1.285742,0,1,0.07169811,2.9,1.29707,0,1,0.9320755,2.843359,-1.410352,0,0.9902344,0.03018868,2.786719,1.455664,0,0.9804688,0.9849057,2.786719,-1.455664,0,0.9804688,0.01509434,2.775391,1.455664,0,0.9785156,0.9849057,2.775391,-1.455664,0,0.9785156,0.01509434,2.764062,1.47832,0,0.9765625,0.9924529,2.764062,-1.47832,0,0.9765625,0.00754717,2.707422,1.500977,0,0.9667969,1,2.707422,-1.500977,0,0.9667969,0,-2.71875,1.500977,0,0.03125,1,-2.71875,-1.500977,0,0.03125,0,-2.775391,1.47832,0,0.02148438,0.9924529,-2.775391,-1.47832,0,0.02148438,0.00754717,-2.786719,-1.455664,0,0.01953128,0.01509434,-2.798047,-1.455664,0,0.01757813,0.01509434,-2.843359,1.410352,0,0.009765655,0.9698113,-2.854687,-1.399023,0,0.0078125,0.03396226],[25,1,23,2,23,1,24,23,2,20,23,24,22,23,20,21,22,20,19,21,20,18,19,20,17,19,18,16,17,18,15,17,16,14,15,16,13,15,14,12,13,14,11,13,12,10,11,12,9,11,10,6,9,10,7,9,6,8,7,6,5,4,3,0,3,4,1,3,0,2,1,0],2.98023223876953e-8,0,1,1,2.98023223876953e-8,0,1,1,0,0,0,0,[0,0,0,0],[-2.9,-1.500977,2.9,1.500977],88.2758636474609,512,265,512,265,256,132.5,0,0]},{"id":"16048","assetBundleId":"-1","data":["icon_clock",17,"16092",[0,0,0,0.32,0.32,0],[0.32,0.32,0,1,1,0.28,-0.32,0,0.9375,0,0.32,-0.2,0,1,0.1875,-0.28,-0.32,0,0.0625,0,-0.29,0.32,0,0.046875,1,-0.32,0.3,0,0,0.96875,-0.32,-0.29,0,0,0.046875],[6,5,3,4,3,5,0,3,4,1,3,0,2,1,0],0,0,1,1,0,0,1,1,0,0,0,0,[0,0,0,0],[-0.32,-0.32,0.32,0.32],100,64,64,64,64,32,32,0,0]},{"id":"16084","assetBundleId":"-1","data":["FingerDown",17,"16120",[-0.015,-0.004999995,0,0.395,0.525,0],[0.38,0.29,0,0.796875,0.7265625,0.31,-0.53,0,0.7421875,0.08593753,0.38,-0.38,0,0.796875,0.203125,0.18,0.52,0,0.640625,0.90625,-0.26,-0.53,0,0.296875,0.08593753,-0.34,0.52,0,0.234375,0.90625,-0.41,0.47,0,0.1796875,0.8671875,-0.41,-0.23,0,0.1796875,0.3203125],[7,6,4,5,4,6,3,4,5,1,4,3,0,1,3,2,1,0],-0.000594690442085266,-0.000594660639762878,0.999405324459076,0.999405324459076,0.1796875,0.0859375298023224,0.796875,0.90625,0,0,0,0,[0,0,0,0],[-0.64,-0.64,0.64,0.64],100,128,128,128,128,64,64,23.0761203765869,11.0761203765869]},{"id":"16082","assetBundleId":"-1","data":["layout_popup_purchaseitem",17,"16118",[0,0,0,4.464961,3.34,0],[3.662663,3.165588,0,0.9101563,0.9738904,3.627781,3.252794,0,0.90625,0.9869452,3.662663,2.903969,0,0.9101563,0.9347258,4.412637,2.886528,0,0.9941406,0.9321149,4.464961,2.537703,0,1,0.8798956,4.464961,2.834204,0,1,0.924282,4.377755,2.415614,0,0.9902344,0.8616188,4.360313,2.903969,0,0.9882813,0.9347258,4.273107,2.293525,0,0.9785156,0.8433421,4.116136,2.08423,0,0.9609375,0.8120105,4.464961,1.630757,0,1,0.7441253,4.430079,1.316815,0,0.9960938,0.6971279,4.464961,1.369138,0,1,0.7049608,4.412637,1.700522,0,0.9941406,0.7545692,4.377755,1.770287,0,0.9902344,0.765013,4.377755,1.299373,0,0.9902344,0.694517,4.290548,1.857494,0,0.9804688,0.7780679,4.238225,1.927259,0,0.9746094,0.7885118,4.151019,2.031906,0,0.9648438,0.8041775,3.540575,3.34,0,0.8964844,1,3.418486,1.299373,0,0.8828125,0.694517,3.401045,-3.078381,0,0.8808594,0.03916449,3.418486,-2.956293,0,0.8828125,0.05744125,3.366162,-3.183029,0,0.8769531,0.0234987,3.313838,-3.252794,0,0.8710938,0.01305483,3.209191,-3.322559,0,0.859375,0.002610966,3.174308,-3.34,0,0.8554688,0,-3.209191,-3.34,0,0.140625,0,-3.296397,-3.305118,0,0.1308594,0.005221932,-3.401045,-3.183029,0,0.1191406,0.0234987,-3.435927,-3.130705,0,0.1152344,0.03133159,-3.453368,-2.956293,0,0.1132813,0.05744125,-3.470809,1.299373,0,0.1113281,0.694517,-3.61034,3.34,0,0.09570313,1,-3.680104,3.270235,0,0.08789063,0.9895561,-3.697546,3.217911,0,0.0859375,0.9817232,-3.714987,3.148146,0,0.08398438,0.9712794,-3.714987,2.903969,0,0.08398438,0.9347258,-4.116136,2.066789,0,0.03906247,0.8093995,-4.151019,2.031906,0,0.03515622,0.8041775,-4.238225,1.927259,0,0.02539065,0.7885118,-4.290548,1.857494,0,0.01953128,0.7780679,-4.377755,1.770287,0,0.009765625,0.765013,-4.377755,1.299373,0,0.009765625,0.694517,-4.412637,1.700522,0,0.005859375,0.7545692,-4.430079,1.316815,0,0.00390625,0.6971279,-4.464961,1.630757,0,0,0.7441253,-4.464961,1.369138,0,0,0.7049608,-4.16846,2.153995,0,0.0332031,0.8224543,-4.325431,2.345849,0,0.015625,0.851175,-4.360313,2.903969,0,0.01171875,0.9347258,-4.412637,2.886528,0,0.005859375,0.9321149,-4.412637,2.485379,0,0.005859375,0.8720627,-4.464961,2.834204,0,0,0.924282,-4.464961,2.537703,0,0,0.8798956,-3.453368,-3.078381,0,0.1132813,0.03916449,-3.470809,-2.938851,0,0.1113281,0.06005222],[56,32,31,55,31,30,54,53,52,51,52,53,49,52,51,50,49,51,37,49,50,48,49,37,38,48,37,47,46,45,44,45,46,43,45,44,42,43,44,32,43,42,41,32,42,40,32,41,39,32,40,38,32,39,37,32,38,36,32,37,35,32,36,34,32,35,33,32,34,19,32,33,31,32,19,30,31,19,29,30,19,28,29,19,27,28,19,20,27,19,26,27,20,25,26,20,24,25,20,23,24,20,21,23,20,22,21,20,2,20,19,15,20,2,1,2,19,9,15,2,18,15,9,17,15,18,16,15,17,14,15,16,11,15,14,13,11,14,10,11,13,12,11,10,2,7,9,8,9,7,6,8,7,3,6,7,4,6,3,5,4,3,2,1,0],0,0,1,1,0,0,1,1,0,0,0,0,[0,0,0,0],[-4.464961,-3.34,4.464961,3.34],57.3353271484375,512,383,512,383,256,191.5,0,0]},{"id":"20288","assetBundleId":"-1","data":["Background",17,"20286",[0,0,0,2.565,4.56,0],[-2.565,4.56,0,0,1,2.565,-4.56,0,1,0,2.565,4.56,0,1,1,-2.565,-4.56,0,0,0],[3,0,1,2,1,0],0,0,1,1,0,0,1,1,0,0,0,0,[0,0,0,0],[-2.565,-4.56,2.565,4.56],56.1403503417969,288,512,288,512,144,256,0,0]},{"id":"27306","assetBundleId":"-1","data":["new_logo",17,"27304",[0,0,0,2.56,2.56,0],[-2.56,2.56,0,0,1,2.56,-2.56,0,1,0,2.56,2.56,0,1,1,-2.56,-2.56,0,0,0],[3,0,1,2,1,0],0,0,1,1,0,0,1,1,0,0,0,0,[0,0,0,0],[-2.56,-2.56,2.56,2.56],100,512,512,512,512,256,256,0,0]},{"id":"24748","assetBundleId":"-1","data":["CH_retry",17,"24744",[0,0,0,1.975,0.58,0],[1.925,0.35,0,0.9873418,0.8017241,1.975,-0.21,0,1,0.3189655,1.975,0.21,0,1,0.6810345,1.925,-0.35,0,0.9873418,0.1982759,1.685,0.55,0,0.9265823,0.9741379,1.685,-0.55,0,0.9265823,0.02586207,1.595,0.58,0,0.9037974,1,1.585,-0.58,0,0.9012658,0,-1.595,0.58,0,0.09620253,1,-1.595,-0.58,0,0.09620253,0,-1.685,-0.55,0,0.07341772,0.02586207,-1.755,-0.49,0,0.0556962,0.0775862,-1.775,0.5,0,0.05063291,0.9310345,-1.915,-0.35,0,0.01518987,0.1982759,-1.945,0.29,0,0.007594937,0.75,-1.975,0.2,0,0,0.6724138,-1.975,-0.21,0,0,0.3189655],[16,15,13,14,13,15,12,13,14,11,13,12,8,11,12,10,11,8,9,10,8,7,9,8,6,7,8,5,7,6,4,5,6,3,5,4,0,3,4,1,3,0,2,1,0],0,0,1,1,0,0,1,1,0,0,0,0,[0,0,0,0],[-1.975,-0.58,1.975,0.58],100,395,116,395,116,197.5,58,0,0]},{"id":"24750","assetBundleId":"-1","data":["CH_playnow",17,"24746",[0,0,0,1.975,0.58,0],[1.925,0.35,0,0.9873418,0.8017241,1.975,-0.21,0,1,0.3189655,1.975,0.21,0,1,0.6810345,1.925,-0.35,0,0.9873418,0.1982759,1.685,0.55,0,0.9265823,0.9741379,1.685,-0.55,0,0.9265823,0.02586207,1.595,0.58,0,0.9037974,1,1.585,-0.58,0,0.9012658,0,-1.595,0.58,0,0.09620253,1,-1.595,-0.58,0,0.09620253,0,-1.685,-0.55,0,0.07341772,0.02586207,-1.755,-0.49,0,0.0556962,0.0775862,-1.775,0.5,0,0.05063291,0.9310345,-1.915,-0.35,0,0.01518987,0.1982759,-1.945,0.29,0,0.007594937,0.75,-1.975,0.2,0,0,0.6724138,-1.975,-0.21,0,0,0.3189655],[16,15,13,14,13,15,12,13,14,11,13,12,8,11,12,10,11,8,9,10,8,7,9,8,6,7,8,5,7,6,4,5,6,3,5,4,0,3,4,1,3,0,2,1,0],0,0,1,1,0,0,1,1,0,0,0,0,[0,0,0,0],[-1.975,-0.58,1.975,0.58],100,395,116,395,116,197.5,58,0,0]},{"id":"28736","assetBundleId":"-1","data":["CH_claim",17,"28376",[0,0,0,1.975,0.58,0],[1.925,0.35,0,0.9873418,0.8017241,1.975,-0.21,0,1,0.3189655,1.975,0.21,0,1,0.6810345,1.925,-0.35,0,0.9873418,0.1982759,1.685,0.55,0,0.9265823,0.9741379,1.685,-0.55,0,0.9265823,0.02586207,1.595,0.58,0,0.9037974,1,1.585,-0.58,0,0.9012658,0,-1.595,0.58,0,0.09620253,1,-1.595,-0.58,0,0.09620253,0,-1.685,-0.55,0,0.07341772,0.02586207,-1.755,-0.49,0,0.0556962,0.0775862,-1.775,0.5,0,0.05063291,0.9310345,-1.915,-0.35,0,0.01518987,0.1982759,-1.945,0.29,0,0.007594937,0.75,-1.975,0.2,0,0,0.6724138,-1.975,-0.21,0,0,0.3189655],[16,15,13,14,13,15,12,13,14,11,13,12,8,11,12,10,11,8,9,10,8,7,9,8,6,7,8,5,7,6,4,5,6,3,5,4,0,3,4,1,3,0,2,1,0],0,0,1,1,0,0,1,1,0,0,0,0,[0,0,0,0],[-1.975,-0.58,1.975,0.58],100,395,116,395,116,197.5,58,0,0]}],"text-assets":[{"id":"16426","assetBundleId":"-1","data":["Levels",null,"{\"levels\":[{\"no\":0,\"data\":[{\"stick\":[1,1,3]},{\"stick\":[1,3,3]},{\"stick\":[0,0,0]}]},{\"no\":1,\"data\":[{\"stick\":[1,7,3]},{\"stick\":[7,1,3]},{\"stick\":[1,3,7]},{\"stick\":[0,0,0]},{\"stick\":[0,0,0]}]}]}"]}],"textures":[{"id":"1020774","assetBundleId":"-1","type":0,"data":[null,1024,1024,10,1,1,false,4,1]},{"id":"-1055580","type":0,"assetBundleId":"-1","data":["ReflectionProbe-0",512,256,1,1,1,1,4,0,0,1]},{"id":"16086","type":0,"assetBundleId":"-1","data":["layout_purchaseitem",512,265,1,1,1,0,4,1,1,1]},{"id":"16088","type":0,"assetBundleId":"-1","data":["FingerUp",128,128,1,1,1,0,65,1,1,1]},{"id":"16092","type":0,"assetBundleId":"-1","data":["icon_clock",64,64,1,1,1,0,65,1,1,1]},{"id":"16118","type":0,"assetBundleId":"-1","data":["layout_popup_purchaseitem",512,383,1,1,1,0,4,1,1,1]},{"id":"16390","type":0,"assetBundleId":"-1","data":["Victory_1",512,128,1,1,1,0,47,1,1,1]},{"id":"20286","type":0,"assetBundleId":"-1","data":["Background",288,512,1,1,1,0,47,1,1,1]},{"id":"16120","type":0,"assetBundleId":"-1","data":["FingerDown",128,128,1,1,1,0,65,1,1,1]},{"id":"24744","type":0,"assetBundleId":"-1","data":["CH_retry",395,116,1,1,1,0,4,1,1,1]},{"id":"24746","type":0,"assetBundleId":"-1","data":["CH_playnow",395,116,1,1,1,0,4,1,1,1]},{"id":"28376","type":0,"assetBundleId":"-1","data":["CH_claim",395,116,1,1,1,0,4,1,1,1]},{"id":"27304","type":0,"assetBundleId":"-1","data":["new_logo",512,512,1,1,1,0,34,1,1,1]}],"cubemaps":[{"id":"16280","type":2,"path":"Assets/Scenes/Game.unity/PrefilteredEnvironment.exr","assetBundleId":"-1","data":["ReflectionProbe-0","-1055580",8,1,128,0,2,1,[0,0,0.25,0.5,0,0.5,0.25,1,0.25,0,0.5,0.5,0.25,0.5,0.5,1,0.5,0,0.75,0.5,0.75,0,1,0.5,0.5,0.5,0.625,0.75,0.5,0.75,0.625,1,0.625,0.5,0.75,0.75,0.625,0.75,0.75,1,0.75,0.5,0.875,0.75,0.875,0.5,1,0.75,0.75,0.75,0.8125,0.875,0.75,0.875,0.8125,1,0.8125,0.75,0.875,0.875,0.8125,0.875,0.875,1,0.875,0.75,0.9375,0.875,0.9375,0.75,1,0.875,0.875,0.875,0.90625,0.9375,0.875,0.9375,0.90625,1,0.90625,0.875,0.9375,0.9375,0.90625,0.9375,0.9375,1,0.9375,0.875,0.96875,0.9375,0.96875,0.875,1,0.9375,0.9375,0.9375,0.953125,0.96875,0.9375,0.96875,0.953125,1,0.953125,0.9375,0.96875,0.96875,0.953125,0.96875,0.96875,1,0.96875,0.9375,0.984375,0.96875,0.984375,0.9375,1,0.96875,0.96875,0.96875,0.9765625,0.984375,0.96875,0.984375,0.9765625,1,0.9765625,0.96875,0.984375,0.984375,0.9765625,0.984375,0.984375,1,0.984375,0.96875,0.9921875,0.984375,0.9921875,0.96875,1,0.984375,0.984375,0.984375,0.98828125,0.9921875,0.984375,0.9921875,0.98828125,1,0.98828125,0.984375,0.9921875,0.9921875,0.98828125,0.9921875,0.9921875,1,0.9921875,0.984375,0.99609375,0.9921875,0.99609375,0.984375,1,0.9921875,0.9921875,0.9921875,0.994140625,0.99609375,0.9921875,0.99609375,0.994140625,1,0.994140625,0.9921875,0.99609375,0.99609375,0.994140625,0.99609375,0.99609375,1,0.99609375,0.9921875,0.998046875,0.99609375,0.998046875,0.9921875,1,0.99609375]]}]}