{"materials":[{"id":"-1356","assetBundleId":"-2","data":["Default UI Material",0,"30",3000,0,[["_StencilComp",8],["_Stencil",0],["_StencilOp",0],["_StencilWriteMask",255],["_StencilReadMask",255],["_ColorMask",15],["_UseUIAlphaClip",0]],[["_Color",1,1,1,1]],[["_MainTex_ST",1,1,0,0]],[["_MainTex",null,null]],[]]},{"id":"540","assetBundleId":"-2","data":["Sprites-Default",0,"28",3000,0,[["PixelSnap",0],["_EnableExternalAlpha",0]],[["_Color",1,1,1,1],["_RendererColor",1,1,1,1]],[["_MainTex_ST",1,1,0,0],["_Flip",1,1,1,1],["_AlphaTex_ST",1,1,0,0]],[["_MainTex",null,null],["_AlphaTex",null,null]],[]]},{"id":"772","assetBundleId":"-2","data":["Default-Skybox",0,"150",1000,0,[["_SunDisk",1],["_SunSize",0.0399999991059303],["_SunSizeConvergence",5],["_AtmosphereThickness",1],["_Exposure",1.29999995231628]],[["_SkyTint",0.5,0.5,0.5,1],["_GroundColor",0.368999987840652,0.349000006914139,0.340999990701675,1]],[],[],[["_SUNDISK_SIMPLE",1]]]}],"shaders":[{"id":"150","assetBundleId":"-2","data":[[],"Skybox/Procedural",["_SUNDISK_NONE","_SUNDISK_SIMPLE","_SUNDISK_HIGH_QUALITY"],[[0,[4,null],[0,null],[0,null],[[1,null],[0,null],[0,null]],[[1,null],[0,null],[0,null]],[15,null],[0,null],[0,null],[0,null],[255,null],[255,null],[[0,null],[0,null],[0,null],[8,null]],[[0,null],[0,null],[0,null],[8,null]],[[0,null],[0,null],[0,null],[8,null]],[["PREVIEWTYPE","Skybox"],["QUEUE","Background"],["RENDERTYPE","Background"]],["_SUNDISK_NONE","_SUNDISK_SIMPLE","_SUNDISK_HIGH_QUALITY"],[[["_SUNDISK_NONE"],0,1,0],[["_SUNDISK_SIMPLE"],2,3,0],[["_SUNDISK_HIGH_QUALITY"],4,5,0]],0]],[["_SunDisk",2,2,0,0,0,""],["_SunSize",3,0.0399999991059303,0,1,0,""],["_SunSizeConvergence",3,5,1,10,0,""],["_AtmosphereThickness",3,1,0,5,0,""],["_SkyTint",0,0.5,0.5,0.5,1,""],["_GroundColor",0,0.368999987840652,0.349000006914139,0.340999990701675,1,""],["_Exposure",3,1.29999995231628,0,8,0,""]],null,null,0]},{"id":"30","assetBundleId":"-2","data":[[],"UI/Default",["UNITY_UI_CLIP_RECT","UNITY_UI_ALPHACLIP"],[[0,[0,"unity_GUIZTestMode"],[0,null],[0,null],[[1,null],[10,null],[0,null]],[[1,null],[10,null],[0,null]],[0,"_ColorMask"],[0,null],[0,null],[0,"_Stencil"],[0,"_StencilReadMask"],[0,"_StencilWriteMask"],[[0,"_StencilOp"],[0,null],[0,null],[0,"_StencilComp"]],[[0,null],[0,null],[0,null],[8,null]],[[0,null],[0,null],[0,null],[8,null]],[["CANUSESPRITEATLAS","true"],["IGNOREPROJECTOR","true"],["PREVIEWTYPE","Plane"],["QUEUE","Transparent"],["RENDERTYPE","Transparent"]],["UNITY_UI_CLIP_RECT","UNITY_UI_ALPHACLIP"],[[[],6,7,0],[["UNITY_UI_ALPHACLIP"],6,8,0],[["UNITY_UI_CLIP_RECT"],6,9,0],[["UNITY_UI_ALPHACLIP","UNITY_UI_CLIP_RECT"],6,10,0]],0]],[["_MainTex",4,0,0,0,0,"white"],["_Color",0,1,1,1,1,""],["_StencilComp",2,8,0,0,0,""],["_Stencil",2,0,0,0,0,""],["_StencilOp",2,0,0,0,0,""],["_StencilWriteMask",2,255,0,0,0,""],["_StencilReadMask",2,255,0,0,0,""],["_ColorMask",2,15,0,0,0,""],["_UseUIAlphaClip",2,0,0,0,0,""]],null,null,0]},{"id":"296","assetBundleId":"-2","data":[[],"Unlit/Transparent",["FOG_LINEAR","FOG_EXP","FOG_EXP2"],[[0,[4,null],[0,null],[2,null],[[5,null],[10,null],[0,null]],[[5,null],[10,null],[0,null]],[15,null],[0,null],[0,null],[0,null],[255,null],[255,null],[[0,null],[0,null],[0,null],[8,null]],[[0,null],[0,null],[0,null],[8,null]],[[0,null],[0,null],[0,null],[8,null]],[["IGNOREPROJECTOR","true"],["QUEUE","Transparent"],["RENDERTYPE","Transparent"]],["FOG_LINEAR","FOG_EXP","FOG_EXP2"],[[[],11,12,0]],0]],[["_MainTex",4,0,0,0,0,"white"]],null,null,0]},{"id":"160","assetBundleId":"-2","data":[[],"Legacy Shaders/Particles/Alpha Blended",["FOG_LINEAR","FOG_EXP","FOG_EXP2","SOFTPARTICLES_ON"],[[0,[4,null],[0,null],[0,null],[[5,null],[10,null],[0,null]],[[5,null],[10,null],[0,null]],[14,null],[0,null],[0,null],[0,null],[255,null],[255,null],[[0,null],[0,null],[0,null],[8,null]],[[0,null],[0,null],[0,null],[8,null]],[[0,null],[0,null],[0,null],[8,null]],[["IGNOREPROJECTOR","true"],["PREVIEWTYPE","Plane"],["QUEUE","Transparent"],["RENDERTYPE","Transparent"]],["FOG_LINEAR","FOG_EXP","FOG_EXP2","SOFTPARTICLES_ON"],[[[],13,14,0],[["SOFTPARTICLES_ON"],15,16,1]],1]],[["_TintColor",0,0.5,0.5,0.5,0.5,""],["_MainTex",4,0,0,0,0,"white"],["_InvFade",3,1,0.00999999977648258,3,0,""]],null,null,1]},{"id":"28","assetBundleId":"-2","data":[[],"Sprites/Default",["INSTANCING_ON","PIXELSNAP_ON"],[[0,[4,null],[0,null],[0,null],[[1,null],[10,null],[0,null]],[[1,null],[10,null],[0,null]],[15,null],[0,null],[0,null],[0,null],[255,null],[255,null],[[0,null],[0,null],[0,null],[8,null]],[[0,null],[0,null],[0,null],[8,null]],[[0,null],[0,null],[0,null],[8,null]],[["CANUSESPRITEATLAS","true"],["IGNOREPROJECTOR","true"],["PREVIEWTYPE","Plane"],["QUEUE","Transparent"],["RENDERTYPE","Transparent"]],["INSTANCING_ON","PIXELSNAP_ON"],[[[],17,18,0],[["PIXELSNAP_ON"],19,18,0]],0]],[["_MainTex",4,0,0,0,0,"white"],["_Color",0,1,1,1,1,""],["PixelSnap",2,0,0,0,0,""],["_RendererColor",0,1,1,1,1,""],["_Flip",1,1,1,1,1,""],["_AlphaTex",4,0,0,0,0,"white"],["_EnableExternalAlpha",2,0,0,0,0,""]],null,null,0]},{"id":"68","assetBundleId":"-2","data":[[],"Legacy Shaders/VertexLit",["SPOT","POINT","FOG_LINEAR","FOG_EXP","FOG_EXP2","SHADOWS_DEPTH","SHADOWS_CUBE","INSTANCING_ON"],[[1,[4,null],[1,null],[2,null],[[1,null],[0,null],[0,null]],[[1,null],[0,null],[0,null]],[15,null],[0,null],[0,null],[0,null],[255,null],[255,null],[[0,null],[0,null],[0,null],[8,null]],[[0,null],[0,null],[0,null],[8,null]],[[0,null],[0,null],[0,null],[8,null]],[["LIGHTMODE","Vertex"],["RENDERTYPE","Opaque"]],["SPOT","POINT","FOG_LINEAR","FOG_EXP","FOG_EXP2"],[[[],20,21,0],[["POINT"],22,21,0],[["SPOT"],23,21,0]],0],[2,[4,null],[1,null],[2,null],[[1,null],[0,null],[0,null]],[[1,null],[0,null],[0,null]],[15,null],[0,null],[0,null],[0,null],[255,null],[255,null],[[0,null],[0,null],[0,null],[8,null]],[[0,null],[0,null],[0,null],[8,null]],[[0,null],[0,null],[0,null],[8,null]],[["LIGHTMODE","VertexLM"],["RENDERTYPE","Opaque"]],["FOG_LINEAR","FOG_EXP","FOG_EXP2"],[[[],24,25,0]],0],[8,[4,null],[1,null],[2,null],[[1,null],[0,null],[0,null]],[[1,null],[0,null],[0,null]],[15,null],[0,null],[0,null],[0,null],[255,null],[255,null],[[0,null],[0,null],[0,null],[8,null]],[[0,null],[0,null],[0,null],[8,null]],[[0,null],[0,null],[0,null],[8,null]],[["LIGHTMODE","SHADOWCASTER"],["RENDERTYPE","Opaque"],["SHADOWSUPPORT","true"]],["SHADOWS_DEPTH","SHADOWS_CUBE","INSTANCING_ON"],[[["SHADOWS_DEPTH"],26,27,0],[["SHADOWS_CUBE"],28,29,0]],0]],[["_Color",0,1,1,1,1,""],["_SpecColor",0,1,1,1,1,""],["_Emission",0,0,0,0,0,""],["_Shininess",3,0.699999988079071,0.00999999977648258,1,0,""],["_MainTex",4,0,0,0,0,"white"]],null,null,0]},{"id":"64","assetBundleId":"-2","data":[[],"Standard",["DIRECTIONAL","SHADOWS_SCREEN","LIGHTMAP_ON","DIRLIGHTMAP_COMBINED","DYNAMICLIGHTMAP_ON","LIGHTMAP_SHADOW_MIXING","SHADOWS_SHADOWMASK","LIGHTPROBE_SH","FOG_LINEAR","FOG_EXP","FOG_EXP2","_EMISSION","VERTEXLIGHT_ON","INSTANCING_ON","_NORMALMAP","_ALPHATEST_ON","_ALPHABLEND_ON","_ALPHAPREMULTIPLY_ON","_METALLICGLOSSMAP","_PARALLAXMAP","_DETAIL_MULX2","_SMOOTHNESS_TEXTURE_ALBEDO_CHANNEL_A","_SPECULARHIGHLIGHTS_OFF","_GLOSSYREFLECTIONS_OFF","SPOT","DIRECTIONAL_COOKIE","POINT","POINT_COOKIE","SHADOWS_DEPTH","SHADOWS_CUBE","SHADOWS_SOFT","UNITY_HDR_ON"],[[4,[4,null],[0,"_ZWrite"],[2,null],[[0,"_SrcBlend"],[0,"_DstBlend"],[0,null]],[[0,"_SrcBlend"],[0,"_DstBlend"],[0,null]],[15,null],[0,null],[0,null],[0,null],[255,null],[255,null],[[0,null],[0,null],[0,null],[8,null]],[[0,null],[0,null],[0,null],[8,null]],[[0,null],[0,null],[0,null],[8,null]],[["LIGHTMODE","FORWARDBASE"],["PERFORMANCECHECKS","False"],["RENDERTYPE","Opaque"],["SHADOWSUPPORT","true"]],["DIRECTIONAL","SHADOWS_SCREEN","LIGHTMAP_ON","DIRLIGHTMAP_COMBINED","DYNAMICLIGHTMAP_ON","LIGHTMAP_SHADOW_MIXING","SHADOWS_SHADOWMASK","LIGHTPROBE_SH","FOG_LINEAR","FOG_EXP","FOG_EXP2","_EMISSION","VERTEXLIGHT_ON","INSTANCING_ON","_NORMALMAP","_ALPHATEST_ON","_ALPHABLEND_ON","_ALPHAPREMULTIPLY_ON","_METALLICGLOSSMAP","_PARALLAXMAP","_DETAIL_MULX2","_SMOOTHNESS_TEXTURE_ALBEDO_CHANNEL_A","_SPECULARHIGHLIGHTS_OFF","_GLOSSYREFLECTIONS_OFF"],[[["DIRECTIONAL"],30,31,0],[["DIRECTIONAL","LIGHTPROBE_SH","_EMISSION"],32,33,0],[["DIRECTIONAL","LIGHTPROBE_SH","_GLOSSYREFLECTIONS_OFF"],32,34,0],[["DIRECTIONAL","LIGHTPROBE_SH","_EMISSION","_GLOSSYREFLECTIONS_OFF"],32,35,0],[["DIRECTIONAL","LIGHTPROBE_SH"],32,36,0],[["DIRECTIONAL","SHADOWS_SCREEN","_EMISSION"],37,38,0],[["DIRECTIONAL","SHADOWS_SCREEN","_GLOSSYREFLECTIONS_OFF"],37,39,0],[["DIRECTIONAL","SHADOWS_SCREEN","_EMISSION","_GLOSSYREFLECTIONS_OFF"],37,40,0],[["DIRECTIONAL","SHADOWS_SCREEN"],37,41,0],[["DIRECTIONAL","LIGHTPROBE_SH","SHADOWS_SCREEN","_EMISSION"],42,43,0],[["DIRECTIONAL","LIGHTPROBE_SH","SHADOWS_SCREEN","_GLOSSYREFLECTIONS_OFF"],42,44,0],[["DIRECTIONAL","LIGHTPROBE_SH","SHADOWS_SCREEN","_EMISSION","_GLOSSYREFLECTIONS_OFF"],42,45,0],[["DIRECTIONAL","LIGHTPROBE_SH","SHADOWS_SCREEN"],42,46,0],[["DIRECTIONAL","VERTEXLIGHT_ON","_EMISSION"],30,47,0],[["DIRECTIONAL","VERTEXLIGHT_ON","_GLOSSYREFLECTIONS_OFF"],30,48,0],[["DIRECTIONAL","VERTEXLIGHT_ON","_EMISSION","_GLOSSYREFLECTIONS_OFF"],30,49,0],[["DIRECTIONAL","VERTEXLIGHT_ON"],30,31,0],[["DIRECTIONAL","LIGHTPROBE_SH","VERTEXLIGHT_ON","_EMISSION"],50,33,0],[["DIRECTIONAL","LIGHTPROBE_SH","VERTEXLIGHT_ON","_GLOSSYREFLECTIONS_OFF"],50,34,0],[["DIRECTIONAL","LIGHTPROBE_SH","VERTEXLIGHT_ON","_EMISSION","_GLOSSYREFLECTIONS_OFF"],50,35,0],[["DIRECTIONAL","LIGHTPROBE_SH","VERTEXLIGHT_ON"],50,36,0],[["DIRECTIONAL","SHADOWS_SCREEN","VERTEXLIGHT_ON","_EMISSION"],37,38,0],[["DIRECTIONAL","SHADOWS_SCREEN","VERTEXLIGHT_ON","_GLOSSYREFLECTIONS_OFF"],37,39,0],[["DIRECTIONAL","SHADOWS_SCREEN","VERTEXLIGHT_ON","_EMISSION","_GLOSSYREFLECTIONS_OFF"],37,40,0],[["DIRECTIONAL","SHADOWS_SCREEN","VERTEXLIGHT_ON"],37,41,0],[["DIRECTIONAL","LIGHTPROBE_SH","SHADOWS_SCREEN","VERTEXLIGHT_ON","_EMISSION"],51,43,0],[["DIRECTIONAL","LIGHTPROBE_SH","SHADOWS_SCREEN","VERTEXLIGHT_ON","_GLOSSYREFLECTIONS_OFF"],51,44,0],[["DIRECTIONAL","LIGHTPROBE_SH","SHADOWS_SCREEN","VERTEXLIGHT_ON","_EMISSION","_GLOSSYREFLECTIONS_OFF"],51,45,0],[["DIRECTIONAL","LIGHTPROBE_SH","SHADOWS_SCREEN","VERTEXLIGHT_ON"],51,46,0],[["DIRECTIONAL","_EMISSION"],30,47,0],[["DIRECTIONAL","_GLOSSYREFLECTIONS_OFF"],30,48,0],[["DIRECTIONAL","_EMISSION","_GLOSSYREFLECTIONS_OFF"],30,49,0]],0],[5,[4,null],[0,null],[2,null],[[0,"_SrcBlend"],[1,null],[0,null]],[[0,"_SrcBlend"],[1,null],[0,null]],[15,null],[0,null],[0,null],[0,null],[255,null],[255,null],[[0,null],[0,null],[0,null],[8,null]],[[0,null],[0,null],[0,null],[8,null]],[[0,null],[0,null],[0,null],[8,null]],[["LIGHTMODE","FORWARDADD"],["PERFORMANCECHECKS","False"],["RENDERTYPE","Opaque"],["SHADOWSUPPORT","true"]],["SPOT","DIRECTIONAL","DIRECTIONAL_COOKIE","POINT","POINT_COOKIE","SHADOWS_DEPTH","SHADOWS_SCREEN","SHADOWS_CUBE","SHADOWS_SOFT","LIGHTMAP_SHADOW_MIXING","SHADOWS_SHADOWMASK","FOG_LINEAR","FOG_EXP","FOG_EXP2","_NORMALMAP","_ALPHATEST_ON","_ALPHABLEND_ON","_ALPHAPREMULTIPLY_ON","_METALLICGLOSSMAP","_PARALLAXMAP","_SMOOTHNESS_TEXTURE_ALBEDO_CHANNEL_A","_SPECULARHIGHLIGHTS_OFF","_DETAIL_MULX2"],[[["POINT"],52,53,0],[["DIRECTIONAL"],54,55,0],[["SPOT"],56,57,0],[["POINT_COOKIE"],52,58,0],[["DIRECTIONAL_COOKIE"],59,60,0],[["SHADOWS_DEPTH","SPOT"],56,61,0],[["SHADOWS_DEPTH","SHADOWS_SOFT","SPOT"],56,62,0],[["DIRECTIONAL","SHADOWS_SCREEN"],63,64,0],[["DIRECTIONAL_COOKIE","SHADOWS_SCREEN"],65,66,0],[["POINT","SHADOWS_CUBE"],52,67,0],[["POINT","SHADOWS_CUBE","SHADOWS_SOFT"],52,68,0],[["POINT_COOKIE","SHADOWS_CUBE"],52,69,0],[["POINT_COOKIE","SHADOWS_CUBE","SHADOWS_SOFT"],52,70,0]],0],[8,[4,null],[1,null],[2,null],[[1,null],[0,null],[0,null]],[[1,null],[0,null],[0,null]],[15,null],[0,null],[0,null],[0,null],[255,null],[255,null],[[0,null],[0,null],[0,null],[8,null]],[[0,null],[0,null],[0,null],[8,null]],[[0,null],[0,null],[0,null],[8,null]],[["LIGHTMODE","SHADOWCASTER"],["PERFORMANCECHECKS","False"],["RENDERTYPE","Opaque"],["SHADOWSUPPORT","true"]],["SHADOWS_DEPTH","SHADOWS_CUBE","INSTANCING_ON","_ALPHATEST_ON","_ALPHABLEND_ON","_ALPHAPREMULTIPLY_ON","_METALLICGLOSSMAP","_PARALLAXMAP","_SMOOTHNESS_TEXTURE_ALBEDO_CHANNEL_A"],[[["SHADOWS_DEPTH"],26,27,0],[["SHADOWS_CUBE"],71,72,0]],0]],[["_Color",0,1,1,1,1,""],["_MainTex",4,0,0,0,0,"white"],["_Cutoff",3,0.5,0,1,0,""],["_Glossiness",3,0.5,0,1,0,""],["_GlossMapScale",3,1,0,1,0,""],["_SmoothnessTextureChannel",2,0,0,0,0,""],["_Metallic",3,0,0,1,0,""],["_MetallicGlossMap",4,0,0,0,0,"white"],["_SpecularHighlights",2,1,0,0,0,""],["_GlossyReflections",2,1,0,0,0,""],["_BumpScale",2,1,0,0,0,""],["_BumpMap",4,0,0,0,0,"bump"],["_Parallax",3,0.0199999995529652,0.00499999988824129,0.0799999982118607,0,""],["_ParallaxMap",4,0,0,0,0,"black"],["_OcclusionStrength",3,1,0,1,0,""],["_OcclusionMap",4,0,0,0,0,"white"],["_EmissionColor",0,0,0,0,1,""],["_EmissionMap",4,0,0,0,0,"white"],["_DetailMask",4,0,0,0,0,"white"],["_DetailAlbedoMap",4,0,0,0,0,"grey"],["_DetailNormalMapScale",2,1,0,0,0,""],["_DetailNormalMap",4,0,0,0,0,"bump"],["_UVSec",2,0,0,0,0,""],["_Mode",2,0,0,0,0,""],["_SrcBlend",2,1,0,0,0,""],["_DstBlend",2,0,0,0,0,""],["_ZWrite",2,1,0,0,0,""]],0,"68",0]}],"sprites":[{"id":"794","assetBundleId":"-2","data":["Background",17,"792",[0,0,0,0.08,0.08,0],[0.05,0.08,0,0.8125,1,0.08,-0.08,0,1,0,0.08,0.075,0,1,0.96875,-0.07,0.08,0,0.0625,1,-0.075,-0.08,0,0.03124997,0,-0.08,0.07,0,0,0.9375,-0.08,-0.05,0,0,0.1875],[6,5,4,3,4,5,1,4,3,0,1,3,2,1,0],-0.000835968181490898,-0.00160364620387554,0.999164044857025,0.998396337032318,0,0,1,1,0.3125,0.3125,0.3125,0.3125,[0,0,0,0],[-0.08,-0.08,0.08,0.08],200,32,32,32,32,16,16,0.0267509818077087,0.0513166785240173]}],"textures":[{"id":"792","type":0,"assetBundleId":"-2","data":["Background",32,32,6,16,1,0,4,1,1,1]}],"resources":[{"id":"resources","assetBundleId":"-2","data":[[["unity_builtin_extra",0,"30"],["quadhoop_0_0",10,"16226"],["unity_builtin_extra",0,"64"],["object001",10,"16032"],["cylinder_b_02_0",10,"16228"],["stick_tile_0",10,"16270"],["unity_builtin_extra",0,"160"],["victory_1",11,"16232"],["unity_builtin_extra",17,"792"],["unity_builtin_extra",32,"794"],["text_tut",42,"16286"],["guide_text",36,"16014"],["popup",42,"16340"],["rewardui",36,"16080"],["container",36,"16046"],["unity_builtin_extra",0,"28"],["unity_builtin_extra",11,"540"],["unity_builtin_extra",0,"150"],["unity_builtin_extra",11,"772"],["levels",43,"16426"]],[]]}],"project-settings":[{"id":"-1","assetBundleId":"-2","data":[[["EventSystem",-1000],["TextMeshProUGUI",-100],["ToggleGroup",10],["TextContainer",-110],["TextMeshPro",-105]],[[0,"Default",0]],[[0,"Default"],[1,"TransparentFX"],[2,"Ignore Raycast"],[4,"Water"],[5,"UI"]],[0.0199999995529652,0.333333343267441,1,0.0299999993294477],[0,-9.8100004196167,0,6,2,0,1,[[0,0,0],[0,0,1],[0,0,2],[0,0,4],[0,0,5],[0,1,0],[0,1,1],[0,1,2],[0,1,4],[0,1,5],[0,2,0],[0,2,1],[0,2,2],[0,2,4],[0,2,5],[0,4,0],[0,4,1],[0,4,2],[0,4,4],[0,4,5],[0,5,0],[0,5,1],[0,5,2],[0,5,4],[0,5,5]]],[null,null,0,-9.8100004196167,3,8,1,0.200000002980232,8,0,0,0.5,0.00999999977648258,2,0.00999999977648258,1,1,1,1,1,0,[[0,0,0],[0,0,1],[0,0,2],[0,0,4],[0,0,5],[0,1,0],[0,1,1],[0,1,2],[0,1,4],[0,1,5],[0,2,0],[0,2,1],[0,2,2],[0,2,4],[0,2,5],[0,4,0],[0,4,1],[0,4,2],[0,4,4],[0,4,5],[0,5,0],[0,5,1],[0,5,2],[0,5,4],[0,5,5]]],[[[[],["Very Low","Low","Medium","High","Very High","Ultra"],0,0,0,0.300000011920929,1,15,0,1,0,0,0,0,0,1,2,4,0,0,0.333333343267441,0.0666666701436043,0.200000002980232,0.466666668653488,0,0,16,2,0,3,512,0,1,2,512,1,1024],[[],["Very Low","Low","Medium","High","Very High","Ultra"],0,0,0,0.400000005960464,1,20,0,1,0,0,0,0,0,0,2,16,0,0,0.333333343267441,0.0666666701436043,0.200000002980232,0.466666668653488,0,0,16,2,0,3,512,0,1,2,512,1,1024],[[],["Very Low","Low","Medium","High","Very High","Ultra"],1,1,0,0.699999988079071,1,20,0,1,0,0,0,0,0,0,2,64,1,0,0.333333343267441,0.0666666701436043,0.200000002980232,0.466666668653488,0,1,16,2,0,3,512,0,1,2,512,1,1024],[[],["Very Low","Low","Medium","High","Very High","Ultra"],2,1,0,1,2,40,1,1,1,0,1,0,0,0,2,256,2,1,0.333333343267441,0.0666666701436043,0.200000002980232,0.466666668653488,0,1,16,2,1,3,512,0,1,2,512,1,1024],[[],["Very Low","Low","Medium","High","Very High","Ultra"],2,2,2,1.5,2,70,1,1,2,1,1,0,0,0,2,1024,3,1,0.333333343267441,0.0666666701436043,0.200000002980232,0.466666668653488,0,1,16,2,1,3,512,0,1,2,512,1,1024],[[],["Very Low","Low","Medium","High","Very High","Ultra"],2,2,2,2,4,150,1,1,2,1,1,0,0,0,2,4096,4,1,0.333333343267441,0.0666666701436043,0.200000002980232,0.466666668653488,0,1,16,2,1,3,512,0,1,2,512,1,1024]],["Very Low","Low","Medium","High","Very High","Ultra"],0,0,0,0.300000011920929,1,15,0,1,0,0,0,0,0,1,2,4,0,0,0.333333343267441,0.0666666701436043,0.200000002980232,0.466666668653488,0,0,16,2,0,3,512,0,1,2,512,1,1024],0,1,0,0,0]}]}